name,category,season,current_price,cost,discount_percent,rating,review_count,views,add_to_cart,sales_volume,stock_level,conversion_rate,margin_percent,commercial_success,competitive_price
Produs Fashion 1,Fashion,normal,186.38,113.72,3.5,4.7,118,2232,90,30,10,4.98,41.12,1,189.31
Produs Health 2,Health,offseason,44.11,27.78,20.2,4.9,179,1039,32,21,16,3.61,49.73,0,54.7
Produs Books 3,Books,holiday,57.59,41.07,13.4,4.5,120,4421,150,96,34,3.25,38.24,1,69.45
Produs Sports 4,Sports,holiday,270.29,183.58,21.7,3.6,269,443,19,10,48,4.63,46.82,0,342.18
Produs Beauty 5,Beauty,promo,24.22,16.24,24.7,3.6,173,4626,104,40,1,2.03,49.49,1,33.24
Produs Sports 6,Sports,holiday,73.3,57.42,22.1,3.8,22,3416,98,58,22,2.85,38.98,1,95.04
Produs Beauty 7,Beauty,offseason,23.89,14.44,2.7,3.4,82,164,2,1,30,1.59,41.18,0,23.44
Produs Electronics 8,Electronics,normal,341.78,261.04,6.7,3.8,85,1511,52,33,12,2.94,28.74,0,359.3
Produs Fashion 9,Fashion,holiday,204.41,112.56,5.0,3.8,460,6391,308,166,26,4.13,47.69,1,237.27
Produs Home 10,Home,promo,32.05,20.19,23.7,4.5,10,3574,173,60,25,4.39,51.95,1,43.1
Produs Garden 11,Garden,offseason,156.86,96.14,18.9,3.7,76,2784,34,22,24,1.3,50.29,0,191.91
Produs Electronics 12,Electronics,promo,269.24,267.8,17.7,4.2,4,1002,37,15,26,3.7,18.14,0,313.76
Produs Garden 13,Garden,offseason,53.84,36.36,10.2,4.6,65,1323,71,22,42,4.73,39.35,0,58.13
Produs Books 14,Books,normal,24.34,20.62,11.2,3.6,43,6418,255,164,31,4.07,24.76,1,29.6
Produs Electronics 15,Electronics,normal,449.37,305.04,4.2,3.7,76,151,5,3,12,3.59,34.97,0,437.97
Produs Toys 16,Toys,offseason,27.21,22.47,24.2,3.5,206,147,3,1,76,2.61,37.42,0,37.09
Produs Fashion 17,Fashion,promo,35.38,28.53,21.5,3.0,126,2162,97,32,42,5.53,36.7,1,44.94
Produs Home 18,Home,promo,256.38,170.6,6.6,4.5,91,6613,394,119,38,5.08,37.85,1,285.75
Produs Health 19,Health,promo,92.16,62.27,8.7,4.3,50,1441,58,24,165,3.97,38.31,0,97.53
Produs Health 20,Health,holiday,131.88,105.52,22.0,3.9,203,422,25,9,16,6.64,37.59,0,159.45
Produs Health 21,Health,offseason,59.4,25.46,1.3,3.4,6,1014,12,8,7,1.39,57.7,0,58.24
Produs Health 22,Health,normal,31.34,15.68,17.3,4.1,69,2010,74,23,18,3.83,58.63,1,37.16
Produs Electronics 23,Electronics,holiday,163.86,129.55,2.6,4.2,78,2423,9,6,79,0.44,22.99,1,168.87
Produs Toys 24,Toys,normal,31.52,18.39,19.6,3.4,199,713,28,16,19,4.68,53.11,0,39.18
Produs Sports 25,Sports,offseason,108.42,74.8,21.8,4.1,76,816,38,23,17,5.67,46.05,0,133.18
Produs Health 26,Health,holiday,128.9,105.78,24.3,4.6,46,286,19,11,15,6.96,37.88,0,164.26
Produs Toys 27,Toys,promo,49.39,25.82,0.0,4.6,190,3386,96,42,2,2.66,47.72,1,49.13
Produs Books 28,Books,normal,55.73,43.77,7.7,3.6,52,340,14,9,45,4.33,27.51,0,57.27
Produs Home 29,Home,offseason,211.79,159.73,7.2,3.4,159,1563,66,25,25,4.34,30.01,0,218.11
Produs Beauty 30,Beauty,normal,37.86,19.44,15.5,5.0,40,929,57,20,1,5.55,56.6,0,44.05
Produs Fashion 31,Fashion,offseason,115.24,59.69,4.9,3.8,41,2668,39,23,58,1.85,50.74,0,121.78
Produs Beauty 32,Beauty,offseason,15.97,10.9,21.2,3.1,165,11034,484,329,88,4.23,46.23,1,19.83
Produs Health 33,Health,offseason,118.64,78.43,22.4,4.0,45,710,13,7,29,1.8,48.7,0,143.96
Produs Fashion 34,Fashion,holiday,63.4,46.18,22.3,4.3,72,414,14,6,16,3.92,43.4,0,80.67
Produs Toys 35,Toys,offseason,113.29,75.98,17.4,4.5,71,14,0,0,76,1.5,44.6,0,130.87
Produs Health 36,Health,promo,86.25,57.09,12.1,3.4,240,3220,180,120,157,4.93,41.82,1,100.4
Produs Garden 37,Garden,normal,23.9,18.84,21.7,4.2,59,1516,64,41,13,4.56,38.29,0,30.17
Produs Fashion 38,Fashion,offseason,25.7,17.65,25.0,3.6,227,2637,152,103,8,5.26,48.49,1,34.7
Produs Beauty 39,Beauty,offseason,80.68,39.15,5.4,3.7,27,2336,27,9,68,1.07,54.1,0,83.03
Produs Electronics 40,Electronics,holiday,291.58,205.46,9.4,4.3,134,4438,125,72,14,3.14,36.16,1,319.48
Produs Garden 41,Garden,normal,71.86,48.9,9.3,3.5,284,4319,125,85,40,3.45,38.28,1,78.27
Produs Toys 42,Toys,promo,106.3,52.31,6.8,4.2,99,1429,27,10,76,1.76,54.14,0,112.26
Produs Automotive 43,Automotive,promo,193.78,154.93,16.7,3.7,58,1671,78,31,13,5.0,33.4,0,222.47
Produs Health 44,Health,normal,96.5,61.82,6.0,3.5,41,1616,79,37,0,4.56,39.78,0,103.25
Produs Sports 45,Sports,holiday,207.56,153.82,13.8,3.1,119,1083,81,34,10,7.71,36.12,1,237.08
Produs Health 46,Health,promo,47.16,23.57,6.9,3.3,136,9844,239,100,17,2.15,53.47,1,54.85
Produs Beauty 47,Beauty,holiday,18.34,11.6,7.3,4.7,209,270,5,2,26,2.76,41.36,0,20.82
Produs Home 48,Home,offseason,55.56,43.31,12.3,3.3,24,4166,119,39,11,2.44,31.63,0,61.45
Produs Garden 49,Garden,promo,122.52,99.65,22.7,3.8,84,2101,93,63,4,5.41,37.13,0,152.08
Produs Home 50,Home,normal,78.17,52.31,1.9,4.5,135,860,27,15,48,3.53,34.35,0,78.65
Produs Home 51,Home,promo,152.14,102.38,16.2,4.8,11,453,8,4,33,1.97,43.61,0,179.81
Produs Home 52,Home,offseason,331.7,217.44,12.3,4.1,84,972,32,10,130,3.71,42.51,0,355.64
Produs Electronics 53,Electronics,holiday,307.85,214.92,4.4,3.5,48,14477,466,291,139,3.31,33.26,1,341.24
Produs Books 54,Books,normal,57.92,50.25,17.3,3.7,251,1996,137,58,15,7.01,28.25,1,71.29
Produs Health 55,Health,normal,112.33,64.42,10.3,4.2,211,2454,130,49,31,4.81,48.56,1,126.95
Produs Automotive 56,Automotive,normal,30.23,24.71,20.0,3.9,2,1310,26,16,4,2.25,34.6,0,36.13
Produs Beauty 57,Beauty,offseason,93.05,59.51,17.6,3.5,95,1525,57,21,36,4.37,47.3,0,108.49
Produs Fashion 58,Fashion,holiday,182.99,87.28,8.5,4.1,0,3237,86,45,43,2.35,56.36,1,201.71
Produs Automotive 59,Automotive,holiday,108.5,75.14,9.4,4.9,592,682,14,8,21,2.26,37.26,1,124.22
Produs Toys 60,Toys,offseason,124.24,74.5,16.3,4.7,20,8406,523,177,74,6.67,49.81,1,157.93
Produs Electronics 61,Electronics,promo,242.35,173.76,3.9,2.7,62,2949,132,84,76,4.25,31.1,1,252.36
Produs Books 62,Books,offseason,69.86,56.22,1.7,3.2,894,3433,34,11,40,1.02,20.9,0,68.74
Produs Home 63,Home,normal,34.74,18.78,7.3,3.8,113,2086,95,34,3,4.1,49.9,0,36.27
Produs Sports 64,Sports,offseason,284.68,221.47,11.5,4.0,1,4082,220,125,6,4.65,31.15,0,324.23
Produs Garden 65,Garden,holiday,124.81,82.34,6.3,4.2,72,1650,39,20,34,2.67,38.18,1,134.41
Produs Toys 66,Toys,holiday,12.95,7.78,19.5,5.0,205,4471,153,93,10,2.96,51.63,1,16.87
Produs Sports 67,Sports,holiday,204.8,137.69,16.5,4.4,350,2598,41,19,34,1.71,43.86,1,251.02
Produs Home 68,Home,holiday,294.01,199.48,3.3,2.7,113,6118,174,70,69,2.52,34.39,1,315.01
Produs Books 69,Books,normal,34.69,33.42,18.9,4.1,168,1266,82,42,3,5.73,21.88,0,42.56
Produs Fashion 70,Fashion,offseason,103.76,51.4,6.6,3.5,69,2808,137,75,114,4.95,53.73,0,114.44
Produs Fashion 71,Fashion,offseason,206.6,132.18,10.2,4.8,54,1696,89,58,5,6.29,42.55,0,228.36
Produs Health 72,Health,offseason,88.78,53.38,22.1,3.5,143,6994,73,42,9,1.15,53.16,0,113.23
Produs Books 73,Books,normal,60.96,55.71,22.5,3.9,48,8621,313,197,3,3.08,29.18,1,83.16
Produs Electronics 74,Electronics,normal,397.73,316.58,3.1,3.8,217,580,16,10,15,3.28,22.87,0,425.21
Produs Electronics 75,Electronics,holiday,426.43,348.5,3.2,4.0,162,65,2,1,10,4.43,20.89,0,438.88
Produs Electronics 76,Electronics,promo,318.7,279.86,18.6,3.1,107,288,11,7,1,3.89,28.52,0,352.51
Produs Health 77,Health,holiday,91.89,38.16,1.5,3.5,173,1684,72,23,3,3.7,59.1,0,92.87
Produs Home 78,Home,holiday,152.55,90.72,7.4,3.5,236,303,11,7,32,3.44,44.93,0,160.4
Produs Sports 79,Sports,offseason,121.09,83.82,10.4,4.4,164,1172,44,29,2,4.39,37.98,0,129.59
Produs Fashion 80,Fashion,holiday,177.93,106.57,14.7,3.6,19,1090,34,20,81,2.99,48.91,0,190.2
Produs Garden 81,Garden,holiday,75.81,46.53,5.3,3.8,17,4666,115,69,34,2.61,41.87,1,78.66
Produs Garden 82,Garden,normal,105.57,71.76,17.3,4.4,215,6362,222,82,6,3.72,43.79,1,131.02
Produs Electronics 83,Electronics,normal,352.07,305.65,10.5,3.7,191,3749,181,60,2,4.71,22.3,1,414.09
Produs Fashion 84,Fashion,holiday,108.1,69.35,15.2,3.7,107,1058,36,20,35,4.04,45.6,0,126.39
Produs Sports 85,Sports,offseason,327.35,244.18,5.1,4.8,216,854,19,9,22,2.64,29.21,0,346.78
Produs Sports 86,Sports,holiday,47.89,25.68,1.1,5.0,297,2143,86,50,21,3.9,46.96,1,51.06
Produs Books 87,Books,promo,52.34,42.66,20.8,4.2,279,697,23,11,20,3.19,35.45,0,67.41
Produs Books 88,Books,promo,13.31,9.85,13.3,4.3,64,7938,498,178,4,5.94,35.83,1,16.18
Produs Beauty 89,Beauty,normal,29.43,13.67,12.4,4.0,89,6447,64,35,39,0.97,59.32,1,32.86
Produs Beauty 90,Beauty,offseason,20.49,10.85,7.6,4.0,106,929,36,11,71,4.0,51.06,0,22.41
Produs Fashion 91,Fashion,offseason,105.7,67.4,19.8,4.4,248,2637,61,29,6,2.5,48.86,0,132.3
Produs Books 92,Books,normal,42.51,34.3,6.2,3.5,110,432,16,6,21,4.12,24.31,0,45.26
Produs Books 93,Books,normal,29.87,21.85,9.7,4.0,500,2307,127,42,43,6.43,33.95,1,33.58
Produs Toys 94,Toys,promo,87.99,44.38,7.7,3.4,251,2772,168,100,46,5.36,53.45,1,98.4
Produs Toys 95,Toys,holiday,13.3,10.87,23.8,3.5,31,26659,1296,542,62,5.64,37.72,1,18.64
Produs Health 96,Health,normal,106.39,54.25,15.5,3.8,29,2951,92,60,51,3.0,56.91,1,128.44
Produs Sports 97,Sports,offseason,179.65,123.9,19.6,4.0,505,3835,204,77,45,4.6,44.55,1,223.08
Produs Home 98,Home,offseason,202.44,125.67,4.1,4.2,309,133,7,3,108,5.44,40.47,0,197.59
Produs Fashion 99,Fashion,holiday,43.02,29.55,11.2,3.1,14,6033,221,144,106,3.26,39.01,1,51.24
Produs Books 100,Books,promo,34.96,28.87,5.6,3.9,188,1021,36,11,99,4.12,22.04,0,36.7
Produs Automotive 101,Automotive,offseason,195.16,117.45,0.5,4.1,422,2346,98,59,10,4.33,40.12,1,199.88
Produs Garden 102,Garden,offseason,23.29,13.82,12.5,3.3,128,3169,87,26,17,3.02,48.08,0,26.08
Produs Fashion 103,Fashion,holiday,39.19,23.28,12.7,4.6,74,1587,56,38,11,3.36,48.15,1,46.3
Produs Books 104,Books,promo,49.48,39.42,19.3,4.0,6,1974,47,17,60,2.16,35.71,0,60.98
Produs Beauty 105,Beauty,promo,19.16,8.78,11.4,4.0,33,107,4,2,180,3.93,59.4,0,20.82
Produs Sports 106,Sports,holiday,110.56,77.31,21.6,3.9,68,5506,251,165,19,4.17,45.18,1,149.91
Produs Automotive 107,Automotive,holiday,223.65,189.01,20.0,4.0,138,4319,127,54,3,2.9,32.39,1,280.32
Produs Garden 108,Garden,offseason,40.7,28.12,11.2,3.8,143,1427,3,1,2,0.23,38.65,0,42.5
Produs Health 109,Health,promo,146.24,105.94,15.2,4.0,10,3768,110,49,33,3.11,38.57,1,169.77
Produs Books 110,Books,holiday,39.68,32.08,3.4,3.7,49,8079,292,109,29,4.47,21.92,1,42.92
Produs Home 111,Home,offseason,83.97,55.54,17.3,4.3,21,192,5,2,236,3.49,45.3,0,90.51
Produs Books 112,Books,holiday,55.31,39.53,7.3,3.9,185,3011,113,50,10,4.34,33.75,1,62.77
Produs Sports 113,Sports,offseason,30.45,20.06,9.2,4.2,141,225,3,2,50,1.71,40.19,0,31.61
Produs Garden 114,Garden,normal,37.46,24.59,1.9,3.4,20,4416,175,93,58,3.89,35.61,1,39.96
Produs Electronics 115,Electronics,normal,285.7,225.94,4.0,4.3,441,1829,51,16,8,3.07,24.08,1,297.57
Produs Home 116,Home,normal,161.4,138.78,23.5,4.4,191,2323,140,73,69,5.31,34.22,1,216.09
Produs Garden 117,Garden,holiday,121.37,72.59,10.4,3.6,147,855,21,10,65,2.15,46.41,0,131.24
Produs Fashion 118,Fashion,normal,57.27,35.38,11.6,3.9,296,961,48,21,20,4.2,45.39,0,62.26
Produs Fashion 119,Fashion,holiday,73.86,51.52,11.2,4.1,436,4990,186,127,93,3.87,38.06,1,84.45
Produs Books 120,Books,promo,55.24,42.83,12.9,3.6,3,7261,255,175,9,3.51,32.46,1,66.12
Produs Automotive 121,Automotive,offseason,104.26,83.41,2.7,4.3,68,1290,46,14,33,4.38,22.16,0,105.78
Produs Toys 122,Toys,offseason,89.0,74.47,24.7,3.9,553,1251,39,16,111,2.82,36.99,0,113.56
Produs Health 123,Health,offseason,96.61,63.88,3.4,3.7,91,2330,116,50,37,4.97,36.13,0,107.82
Produs Home 124,Home,holiday,186.82,121.84,12.2,3.5,2,1005,24,11,14,2.84,42.74,0,203.95
Produs Electronics 125,Electronics,offseason,144.98,131.94,24.3,3.7,7,1636,49,28,59,2.99,31.11,0,191.42
Produs Sports 126,Sports,normal,200.96,119.46,4.8,3.5,79,570,23,12,25,4.07,43.41,0,198.3
Produs Beauty 127,Beauty,promo,65.02,25.9,12.0,3.1,92,1904,118,67,80,6.13,64.95,1,71.18
Produs Home 128,Home,offseason,80.03,59.41,14.0,4.2,52,852,56,32,15,7.48,36.16,0,95.24
Produs Home 129,Home,holiday,60.01,35.2,9.5,4.9,463,4081,118,48,50,3.16,46.92,1,72.1
Produs Home 130,Home,offseason,94.42,49.95,6.8,3.6,17,3376,92,29,94,3.05,50.7,0,102.39
Produs Fashion 131,Fashion,offseason,85.21,54.6,17.0,4.8,571,429,29,18,25,6.45,46.81,0,96.11
Produs Home 132,Home,holiday,103.8,88.02,19.2,3.8,201,4748,100,66,21,2.61,31.48,1,127.07
Produs Electronics 133,Electronics,offseason,334.09,321.64,18.7,4.3,5,885,24,16,16,2.61,21.73,0,396.46
Produs Health 134,Health,offseason,141.83,100.05,12.6,3.9,60,3283,215,126,0,6.2,38.35,0,165.19
Produs Sports 135,Sports,promo,200.98,129.55,10.1,3.6,76,250,12,5,109,4.09,42.05,0,219.53
Produs Automotive 136,Automotive,holiday,235.54,206.95,18.1,4.7,177,160,4,1,20,3.66,28.04,0,280.6
Produs Home 137,Home,normal,238.54,122.11,9.2,4.2,97,1517,130,58,48,7.2,53.52,1,260.73
Produs Sports 138,Sports,promo,197.63,144.93,19.7,3.4,67,6229,168,106,93,3.21,41.11,1,263.34
Produs Beauty 139,Beauty,holiday,86.92,51.26,17.0,3.9,343,1474,21,7,21,1.8,51.05,1,104.11
Produs Home 140,Home,normal,138.75,84.53,18.6,3.9,63,164,6,4,2,3.28,50.41,0,162.65
Produs Toys 141,Toys,promo,89.7,60.41,24.5,3.7,741,1205,31,20,18,2.26,49.15,0,114.09
Produs Health 142,Health,promo,118.96,70.15,4.5,3.4,195,629,15,4,14,3.07,43.69,0,118.14
Produs Health 143,Health,offseason,138.54,89.24,8.7,3.8,193,299,23,10,58,6.99,41.19,0,146.95
Produs Sports 144,Sports,normal,49.18,41.18,14.9,4.0,202,1286,35,13,79,3.05,28.74,0,58.17
Produs Home 145,Home,promo,303.6,170.64,8.0,3.4,57,897,16,9,9,2.21,48.29,0,326.12
Produs Garden 146,Garden,promo,114.59,80.78,12.4,5.0,166,3852,102,47,6,2.88,38.25,1,138.99
Produs Automotive 147,Automotive,promo,213.42,186.68,17.7,4.4,123,8588,32,11,11,0.37,28.01,1,272.85
Produs Automotive 148,Automotive,holiday,52.33,34.91,4.8,3.9,138,5171,259,156,51,5.73,36.49,1,57.65
Produs Books 149,Books,holiday,58.97,61.3,23.4,4.2,1163,1629,48,26,9,3.32,20.38,1,77.63
Produs Home 150,Home,offseason,182.0,106.04,7.7,3.3,94,4059,260,157,15,5.9,46.22,1,204.33
Produs Electronics 151,Electronics,promo,337.33,319.64,13.8,3.3,52,545,11,5,11,2.29,18.32,0,363.75
Produs Books 152,Books,holiday,51.96,43.0,18.1,4.0,197,1085,17,8,8,1.84,32.22,1,60.52
Produs Electronics 153,Electronics,normal,344.2,348.13,20.4,4.1,22,2490,73,26,9,3.55,19.49,0,430.1
Produs Garden 154,Garden,offseason,118.75,98.1,13.3,3.9,192,1918,64,32,47,3.65,28.38,0,137.08
Produs Beauty 155,Beauty,normal,104.72,52.24,6.0,3.7,65,3961,89,60,24,2.72,53.11,1,117.52
Produs Home 156,Home,normal,217.42,130.29,19.0,4.4,120,144,4,1,27,4.31,51.46,0,264.81
Produs Garden 157,Garden,normal,170.25,90.16,5.7,4.6,125,790,19,10,13,2.16,50.06,0,173.64
Produs Beauty 158,Beauty,holiday,16.04,9.12,3.6,4.4,396,889,9,4,75,0.99,45.18,1,16.14
Produs Toys 159,Toys,promo,119.29,64.23,2.0,4.0,15,660,11,5,38,2.12,47.23,0,111.71
Produs Books 160,Books,normal,48.24,32.86,11.3,4.1,70,513,28,12,59,5.39,39.59,0,54.26
Produs Fashion 161,Fashion,normal,71.52,49.37,19.6,4.3,67,239,13,6,57,4.73,44.5,0,87.42
Produs Toys 162,Toys,offseason,87.85,51.58,2.6,4.5,136,3836,198,60,21,4.52,42.81,1,87.08
Produs Health 163,Health,promo,100.92,67.75,9.5,4.3,101,163,7,3,26,4.47,39.24,0,110.8
Produs Sports 164,Sports,offseason,212.1,147.58,2.7,3.6,60,2420,188,81,16,6.94,32.3,1,207.1
Produs Garden 165,Garden,promo,58.3,40.6,17.4,3.7,76,960,38,21,137,3.62,42.48,0,67.95
Produs Home 166,Home,offseason,150.77,74.12,5.0,4.3,218,68,2,1,9,3.48,53.3,0,145.49
Produs Fashion 167,Fashion,offseason,164.53,109.54,7.6,4.0,82,1182,50,26,34,4.37,38.48,0,168.42
Produs Toys 168,Toys,normal,94.48,74.28,22.4,3.3,13,3662,117,51,41,3.01,38.99,1,127.18
Produs Toys 169,Toys,holiday,144.93,86.12,0.3,4.0,109,2171,118,56,19,5.29,40.76,1,144.9
Produs Health 170,Health,promo,73.24,48.41,2.6,2.9,18,7061,328,139,24,5.43,35.61,1,80.45
Produs Automotive 171,Automotive,normal,136.44,95.0,8.0,3.7,18,4729,305,174,7,6.1,35.94,1,152.72
Produs Beauty 172,Beauty,promo,43.98,24.55,11.6,4.2,30,2677,37,22,85,1.48,50.66,0,50.21
Produs Electronics 173,Electronics,promo,132.81,111.42,20.2,4.2,308,517,18,8,12,3.77,33.05,0,161.82
Produs Books 174,Books,offseason,48.2,34.48,8.7,4.4,252,3060,50,27,3,1.78,34.68,0,52.69
Produs Home 175,Home,normal,78.1,47.16,12.8,3.8,72,513,21,12,41,3.9,47.34,0,87.93
Produs Automotive 176,Automotive,holiday,60.21,48.68,11.3,4.4,1,367,16,10,28,3.97,28.29,0,65.97
Produs Toys 177,Toys,offseason,80.32,55.0,0.8,4.0,48,1928,37,17,54,2.26,32.07,0,75.77
Produs Fashion 178,Fashion,normal,66.88,45.73,24.8,3.2,214,1455,36,16,53,2.84,48.58,0,86.14
Produs Electronics 179,Electronics,offseason,186.19,123.29,2.2,4.2,250,588,18,10,78,2.94,35.24,0,180.19
Produs Garden 180,Garden,promo,128.0,84.07,20.1,3.4,136,460,14,5,34,2.71,47.52,0,156.3
Produs Fashion 181,Fashion,promo,186.19,109.69,23.0,5.0,20,5026,151,88,70,3.36,54.64,1,240.24
Produs Automotive 182,Automotive,promo,166.57,135.02,10.4,3.3,318,244,10,4,110,4.13,27.37,0,191.17
Produs Books 183,Books,normal,69.19,41.66,2.3,4.7,179,4744,166,76,137,3.13,41.18,1,70.98
Produs Books 184,Books,holiday,28.86,22.05,14.2,3.5,172,124,3,1,24,3.63,34.45,0,34.71
Produs Automotive 185,Automotive,offseason,28.64,17.76,5.1,3.9,157,432,13,5,42,2.76,41.16,0,29.99
Produs Beauty 186,Beauty,normal,46.71,29.65,17.5,4.1,182,2,0,0,10,5.68,47.64,0,55.07
Produs Books 187,Books,normal,76.56,54.98,3.3,4.4,196,270,10,6,5,4.13,30.56,0,73.57
Produs Beauty 188,Beauty,promo,18.79,10.19,15.3,4.2,35,3448,189,103,23,4.7,54.08,1,24.58
Produs Beauty 189,Beauty,normal,58.37,38.76,24.1,3.9,48,220,9,4,37,4.26,49.6,0,71.2
Produs Home 190,Home,promo,176.21,124.11,18.7,4.0,342,7734,307,105,27,3.98,42.74,1,223.7
Produs Electronics 191,Electronics,holiday,370.72,374.78,21.5,3.6,172,3596,123,74,0,2.9,20.64,1,490.28
Produs Electronics 192,Electronics,normal,444.0,354.24,7.2,3.8,82,1286,13,6,6,1.01,25.96,0,469.12
Produs Sports 193,Sports,promo,167.64,126.38,15.9,4.4,10,2998,50,31,2,1.54,36.6,0,202.63
Produs Automotive 194,Automotive,normal,92.51,71.7,18.5,4.6,181,447,26,13,61,5.1,36.83,0,109.67
Produs Beauty 195,Beauty,holiday,71.27,52.46,22.5,3.7,111,762,44,24,27,4.87,42.95,0,91.7
Produs Garden 196,Garden,promo,80.86,54.69,2.6,3.3,38,1777,35,22,11,2.42,34.12,0,81.94
Produs Beauty 197,Beauty,promo,97.21,43.48,13.8,4.7,81,970,20,11,12,2.23,61.44,0,113.81
Produs Health 198,Health,normal,36.77,21.86,24.5,4.2,93,829,31,13,32,3.34,55.11,0,48.06
Produs Garden 199,Garden,holiday,137.85,100.47,9.2,5.0,224,3296,86,53,6,2.58,33.82,1,159.03
Produs Health 200,Health,holiday,121.51,58.03,0.2,3.6,70,3349,175,66,163,5.68,52.34,1,131.19
Produs Beauty 201,Beauty,holiday,19.22,9.16,22.4,3.2,69,9178,245,82,5,3.21,63.03,1,25.81
Produs Garden 202,Garden,normal,89.84,46.65,5.9,4.0,242,3015,158,67,12,4.8,51.14,1,99.85
Produs Garden 203,Garden,normal,38.63,29.78,11.7,3.5,501,581,24,9,5,4.53,31.94,0,44.98
Produs Garden 204,Garden,normal,52.75,28.18,3.7,3.7,75,125,0,0,7,0.1,48.56,0,52.31
Produs Health 205,Health,promo,28.2,21.96,19.8,4.1,227,628,21,9,46,3.87,37.55,0,34.82
Produs Garden 206,Garden,holiday,138.72,129.67,24.9,4.2,248,241,15,9,5,5.55,29.8,0,184.25
Produs Garden 207,Garden,offseason,165.84,104.41,0.7,3.9,36,518,12,7,1,2.66,37.48,0,155.41
Produs Home 208,Home,offseason,173.91,99.28,1.5,3.9,33,5399,234,129,64,4.3,43.77,1,163.2
Produs Books 209,Books,offseason,37.15,32.66,22.8,3.5,29,960,29,19,60,3.48,32.12,0,48.76
Produs Health 210,Health,holiday,108.02,57.09,24.3,4.6,46,4235,236,76,224,4.79,59.99,1,160.05
Produs Toys 211,Toys,holiday,135.18,63.86,4.3,4.0,200,1110,55,31,17,4.81,54.79,1,142.34
Produs Sports 212,Sports,offseason,199.38,137.09,0.9,4.6,3,1625,63,34,65,4.2,31.86,0,199.22
Produs Books 213,Books,normal,8.89,7.53,22.9,4.1,295,8082,48,32,20,0.63,34.67,1,11.88
Produs Beauty 214,Beauty,promo,77.2,45.1,16.0,3.6,184,2063,86,46,17,3.61,50.92,1,88.66
Produs Toys 215,Toys,holiday,109.07,71.47,4.4,4.8,127,4755,186,98,8,3.53,37.36,1,126.43
Produs Garden 216,Garden,promo,116.8,92.66,12.4,3.9,63,962,40,27,68,4.03,30.5,0,125.25
Produs Books 217,Books,offseason,8.93,8.07,17.3,3.5,191,123,6,2,7,5.63,25.24,0,10.62
Produs Books 218,Books,offseason,13.41,11.63,21.6,3.6,26,191,3,1,15,1.64,31.99,0,16.24
Produs Beauty 219,Beauty,offseason,24.4,18.53,23.5,4.4,632,5592,200,94,42,3.31,41.88,1,31.68
Produs Electronics 220,Electronics,normal,196.72,136.93,10.2,2.9,116,2701,58,19,19,2.36,37.49,0,214.11
Produs Electronics 221,Electronics,holiday,64.79,65.48,20.6,3.6,15,579,13,8,25,2.29,19.75,0,82.77
Produs Automotive 222,Automotive,offseason,228.16,197.47,16.0,3.6,72,516,18,8,12,4.44,27.3,0,252.95
Produs Beauty 223,Beauty,normal,20.76,12.34,13.5,4.7,120,4593,162,75,30,3.13,48.59,1,24.17
Produs Sports 224,Sports,offseason,96.12,77.32,21.3,4.6,109,2118,99,35,119,3.92,36.69,0,122.01
Produs Beauty 225,Beauty,promo,89.3,56.79,10.6,4.5,885,2466,94,37,96,3.38,43.15,1,102.98
Produs Toys 226,Toys,offseason,77.89,43.49,13.0,4.1,180,2214,83,28,6,3.38,51.42,0,86.68
Produs Fashion 227,Fashion,normal,142.72,96.09,7.2,3.6,79,1207,38,20,1,3.19,37.52,0,151.32
Produs Garden 228,Garden,offseason,20.33,11.23,8.3,4.1,380,5683,274,171,14,5.97,49.35,1,23.44
Produs Fashion 229,Fashion,promo,52.95,24.21,11.1,4.2,80,2593,55,21,69,2.44,59.36,1,57.25
Produs Books 230,Books,normal,42.48,35.03,7.8,3.7,285,5286,148,55,71,3.47,23.97,1,46.43
Produs Automotive 231,Automotive,normal,258.97,177.59,6.8,4.3,151,330,5,2,36,1.91,36.09,0,286.65
Produs Garden 232,Garden,holiday,73.58,40.84,6.5,4.1,4,127,4,2,9,2.93,48.1,0,78.47
Produs Sports 233,Sports,holiday,185.63,143.74,21.6,4.7,96,354,9,5,10,3.03,39.29,0,220.73
Produs Home 234,Home,offseason,318.85,175.49,11.5,4.1,110,2442,119,36,298,4.75,51.29,1,358.48
Produs Health 235,Health,holiday,66.68,42.21,1.6,4.7,296,756,27,17,14,3.34,37.7,1,71.88
Produs Electronics 236,Electronics,offseason,293.08,244.4,18.0,3.0,45,1355,1,0,49,0.1,31.62,0,337.58
Produs Sports 237,Sports,offseason,279.03,182.89,12.7,4.5,313,499,4,1,11,1.13,42.78,0,296.6
Produs Beauty 238,Beauty,holiday,79.03,45.58,5.6,4.4,326,1161,28,13,5,2.37,45.56,1,87.0
Produs Garden 239,Garden,normal,99.29,68.92,3.0,3.7,79,5116,80,55,16,1.83,32.67,1,103.4
Produs Automotive 240,Automotive,promo,92.91,73.51,19.5,3.3,29,2516,74,30,57,3.67,36.31,1,121.66
Produs Automotive 241,Automotive,normal,57.99,45.02,10.7,3.5,0,1907,88,59,89,4.24,30.67,0,61.94
Produs Electronics 242,Electronics,normal,283.83,264.34,17.3,3.9,72,2220,79,49,14,4.15,22.98,0,357.23
Produs Garden 243,Garden,holiday,92.09,52.87,3.3,4.6,208,450,18,11,0,3.46,44.48,0,102.37
Produs Sports 244,Sports,normal,196.72,147.93,9.2,3.9,313,738,23,7,209,3.16,31.72,0,204.63
Produs Electronics 245,Electronics,normal,334.57,272.31,9.5,3.5,24,2970,93,39,43,3.0,26.34,0,361.04
Produs Garden 246,Garden,promo,80.64,46.64,12.8,3.7,230,1721,48,29,71,2.68,49.57,1,93.41
Produs Toys 247,Toys,holiday,28.29,20.63,22.8,3.8,40,32,0,0,34,1.91,43.7,0,35.14
Produs Health 248,Health,normal,127.08,84.82,6.4,4.2,52,1560,104,38,1,7.96,37.53,0,141.13
Produs Books 249,Books,offseason,49.98,47.9,19.0,4.9,163,467,19,9,38,4.33,22.37,0,59.34
Produs Books 250,Books,promo,15.92,12.58,11.4,4.4,97,1369,24,8,5,1.53,30.01,0,16.22
Produs Beauty 251,Beauty,normal,46.89,26.54,20.1,3.9,71,1110,23,13,72,2.65,54.77,0,57.51
Produs Automotive 252,Automotive,normal,265.34,186.57,1.6,4.0,304,1860,67,39,10,3.3,30.81,1,269.76
Produs Health 253,Health,normal,78.55,41.8,12.0,3.6,24,4378,84,45,0,1.66,53.17,0,87.7
Produs Automotive 254,Automotive,offseason,232.18,202.53,12.3,4.1,7,629,49,22,10,7.47,23.5,0,256.89
Produs Automotive 255,Automotive,normal,253.44,180.44,3.0,3.3,16,1329,48,14,3,3.54,30.94,0,243.51
Produs Home 256,Home,promo,245.91,157.46,8.5,4.4,278,1008,11,5,50,1.04,41.41,0,273.45
Produs Fashion 257,Fashion,promo,25.66,17.11,15.8,4.2,70,281,5,2,69,1.7,43.88,0,28.73
Produs Home 258,Home,promo,82.33,42.66,9.8,3.2,189,285,11,7,72,4.2,53.26,0,86.39
Produs Automotive 259,Automotive,offseason,200.72,122.34,3.4,3.4,7,6845,272,134,28,3.51,41.12,1,206.94
Produs Garden 260,Garden,promo,135.58,103.48,9.7,3.2,105,1213,24,15,57,1.67,31.08,0,158.41
Produs Home 261,Home,offseason,276.62,216.83,15.1,4.5,277,1984,42,24,32,2.32,33.45,0,328.56
Produs Home 262,Home,holiday,304.18,246.75,17.8,4.3,117,2532,91,54,33,3.35,33.32,1,364.08
Produs Toys 263,Toys,holiday,133.06,79.33,0.3,4.4,8,145,5,3,164,4.41,40.56,0,128.43
Produs Electronics 264,Electronics,holiday,150.77,117.93,9.0,3.3,168,2063,75,41,19,4.11,28.82,1,166.54
Produs Home 265,Home,normal,283.14,224.39,23.9,4.4,120,32,0,0,60,3.3,39.69,0,348.31
Produs Books 266,Books,promo,59.57,35.95,7.4,4.3,31,477,26,11,22,5.54,44.11,0,62.76
Produs Garden 267,Garden,holiday,12.29,9.75,23.4,5.0,136,3714,170,108,14,4.36,39.19,1,16.52
Produs Fashion 268,Fashion,holiday,126.66,59.81,13.0,4.1,117,1291,32,20,43,2.64,58.92,0,149.18
Produs Garden 269,Garden,offseason,150.53,104.14,24.5,4.7,88,5871,222,121,127,3.62,47.77,1,196.51
Produs Fashion 270,Fashion,offseason,85.93,40.55,0.6,3.1,108,1776,57,23,42,3.23,53.1,0,85.35
Produs Fashion 271,Fashion,promo,211.34,111.33,13.3,3.8,148,599,17,10,9,2.76,54.33,0,228.48
Produs Toys 272,Toys,normal,102.51,76.63,11.5,3.9,8,3952,164,86,10,4.06,33.84,1,121.06
Produs Toys 273,Toys,offseason,55.98,34.78,3.0,4.8,9,3425,100,63,17,3.59,39.74,0,57.06
Produs Home 274,Home,normal,114.92,59.46,9.5,4.1,25,620,21,12,75,3.16,53.17,0,128.5
Produs Home 275,Home,holiday,299.76,267.59,21.9,4.1,127,1252,48,16,9,3.84,30.28,1,367.06
Produs Sports 276,Sports,offseason,307.83,170.11,3.6,4.3,43,304,17,8,2,5.4,46.73,0,275.88
Produs Health 277,Health,offseason,102.46,77.79,16.8,4.0,130,7567,320,181,10,4.49,36.83,1,125.96
Produs Sports 278,Sports,holiday,152.72,118.48,16.5,3.9,125,4121,131,48,15,2.69,35.22,1,182.48
Produs Toys 279,Toys,holiday,104.91,85.57,18.3,4.4,66,911,21,7,37,2.34,33.36,0,121.65
Produs Beauty 280,Beauty,promo,41.83,16.13,1.9,4.1,106,79,2,0,35,3.63,62.16,0,41.04
Produs Health 281,Health,offseason,112.42,76.37,9.8,4.5,291,359,8,2,18,2.24,38.72,0,121.8
Produs Garden 282,Garden,promo,148.88,106.43,4.0,3.4,308,395,11,7,1,2.72,31.37,0,147.4
Produs Home 283,Home,holiday,94.88,58.05,12.9,4.1,374,5333,89,49,4,2.06,46.71,1,112.83
Produs Home 284,Home,holiday,217.33,133.73,9.4,3.5,342,202,8,5,10,4.88,44.25,0,244.81
Produs Books 285,Books,offseason,65.36,37.87,0.2,4.4,39,1806,39,14,6,2.41,42.18,0,61.11
Produs Sports 286,Sports,offseason,253.99,162.07,12.0,3.7,26,4479,131,41,34,3.64,43.85,0,298.42
Produs Electronics 287,Electronics,promo,98.82,79.5,4.5,4.7,124,46,1,0,13,2.97,23.17,0,103.13
Produs Automotive 288,Automotive,offseason,64.64,46.69,15.0,4.3,30,2694,20,11,16,0.83,38.61,0,74.57
Produs Sports 289,Sports,offseason,142.62,104.61,5.1,4.4,81,405,7,3,38,2.13,30.39,0,147.67
Produs Health 290,Health,normal,27.06,16.94,22.5,4.0,416,2837,96,44,83,3.48,51.48,1,34.61
Produs Automotive 291,Automotive,offseason,96.35,77.16,22.7,4.3,83,734,14,9,3,1.82,38.09,0,115.46
Produs Home 292,Home,promo,22.04,11.35,0.2,3.4,70,574,20,9,4,3.24,48.59,0,21.54
Produs Home 293,Home,offseason,176.4,128.31,24.8,3.7,120,2038,72,37,26,4.11,45.3,0,232.16
Produs Toys 294,Toys,promo,106.03,69.8,18.7,3.3,26,603,24,10,31,4.27,46.48,0,121.23
Produs Beauty 295,Beauty,offseason,113.61,69.62,2.3,4.7,85,165,9,2,1,6.21,40.13,0,116.39
Produs Garden 296,Garden,holiday,112.04,84.56,23.6,4.3,86,563,9,5,13,1.56,42.34,0,146.96
Produs Health 297,Health,promo,107.77,57.02,9.0,3.2,13,807,0,0,20,0.12,51.85,0,115.19
Produs Fashion 298,Fashion,normal,129.78,70.7,14.0,3.6,253,641,21,10,20,2.81,53.15,0,149.14
Produs Health 299,Health,normal,100.08,57.34,8.5,4.4,44,1929,101,40,23,4.71,47.58,0,111.82
Produs Sports 300,Sports,holiday,298.6,208.88,11.5,3.9,18,174,6,4,45,3.32,38.09,0,337.67
Produs Books 301,Books,normal,54.81,43.36,7.2,3.3,62,2021,87,37,9,4.98,26.58,0,57.95
Produs Sports 302,Sports,offseason,248.42,176.81,6.1,4.0,270,4524,195,119,5,4.58,33.17,1,281.58
Produs Automotive 303,Automotive,normal,233.75,158.76,1.1,3.3,101,10560,456,295,26,3.73,32.83,1,245.43
Produs Home 304,Home,offseason,102.94,58.03,1.4,4.2,116,1745,31,17,7,1.87,44.42,0,102.18
Produs Automotive 305,Automotive,holiday,204.64,168.03,5.3,3.6,142,751,21,8,25,2.85,22.24,0,208.28
Produs Automotive 306,Automotive,offseason,78.76,55.57,9.3,4.2,29,351,9,3,4,2.54,36.01,0,84.17
Produs Toys 307,Toys,offseason,33.8,20.73,18.5,3.9,82,361,14,7,30,3.54,50.0,0,41.14
Produs Home 308,Home,normal,168.82,90.39,1.5,4.2,149,1493,26,11,32,1.93,47.26,0,168.47
Produs Electronics 309,Electronics,offseason,99.37,84.64,24.1,4.2,157,479,28,12,44,5.36,35.35,0,126.26
Produs Fashion 310,Fashion,offseason,125.57,88.13,23.9,4.5,395,1369,27,12,95,1.92,46.59,0,165.21
Produs Books 311,Books,holiday,47.3,34.67,15.1,3.2,227,6982,415,210,23,5.42,37.76,1,62.92
Produs Beauty 312,Beauty,promo,69.72,30.84,17.5,4.3,16,164,7,3,1,3.94,63.51,0,83.13
Produs Fashion 313,Fashion,normal,73.35,53.63,16.4,4.3,42,835,23,8,72,2.65,38.88,0,86.98
Produs Books 314,Books,offseason,32.71,24.86,23.4,3.7,444,1937,65,31,55,3.26,41.77,0,41.51
Produs Health 315,Health,holiday,156.0,87.61,5.7,4.4,79,423,14,7,56,4.19,47.04,0,167.63
Produs Health 316,Health,normal,105.46,68.53,18.9,3.7,239,2272,150,77,8,5.93,47.3,1,131.03
Produs Sports 317,Sports,promo,204.08,148.72,20.7,4.0,147,1817,83,45,47,4.1,42.21,1,271.54
Produs Health 318,Health,holiday,82.1,37.57,4.6,3.8,144,794,46,17,0,5.57,56.34,0,86.89
Produs Beauty 319,Beauty,normal,39.71,25.38,11.0,4.2,2,612,20,12,27,3.53,43.13,0,44.56
Produs Electronics 320,Electronics,holiday,109.48,76.16,3.7,3.9,117,501,28,11,19,4.99,33.01,1,115.39
Produs Sports 321,Sports,offseason,224.93,171.59,18.4,4.5,221,1840,84,41,45,3.85,37.75,0,279.45
Produs Electronics 322,Electronics,normal,177.07,129.04,5.0,4.8,36,299,4,1,7,1.56,30.77,0,182.64
Produs Sports 323,Sports,normal,281.07,201.27,17.3,3.9,220,714,19,10,16,2.69,40.78,0,333.87
Produs Electronics 324,Electronics,normal,198.59,180.98,13.4,4.5,57,2043,98,43,88,4.58,21.08,0,227.78
Produs Toys 325,Toys,holiday,111.66,71.88,1.0,3.8,117,1683,28,14,15,1.65,36.27,0,112.97
Produs Garden 326,Garden,promo,25.69,18.94,7.4,4.0,0,2540,119,44,0,4.93,31.72,1,26.85
Produs Sports 327,Sports,holiday,224.32,149.17,13.5,3.5,103,2004,98,42,40,4.69,42.48,1,273.08
Produs Fashion 328,Fashion,normal,167.14,132.01,21.8,4.2,15,2115,123,69,29,5.15,38.24,1,209.85
Produs Books 329,Books,promo,40.21,41.01,23.3,4.1,330,208,12,3,32,5.19,21.77,0,51.57
Produs Books 330,Books,normal,66.98,49.63,1.0,4.4,433,8084,274,161,30,4.05,26.65,1,73.04
Produs Sports 331,Sports,promo,167.88,123.32,18.7,4.1,168,3031,45,15,62,1.54,40.28,1,206.27
Produs Beauty 332,Beauty,offseason,97.42,42.31,13.8,5.0,79,2507,97,41,11,3.44,62.56,0,110.89
Produs Health 333,Health,holiday,58.98,41.66,24.0,4.1,50,41,1,0,0,3.5,46.31,0,74.83
Produs Books 334,Books,normal,50.82,36.11,20.6,4.5,126,2119,46,22,6,2.63,43.58,0,67.84
Produs Sports 335,Sports,promo,92.8,70.8,14.3,3.7,12,981,29,14,91,3.06,34.61,0,99.9
Produs Fashion 336,Fashion,holiday,34.59,17.12,9.5,4.2,61,5296,8,5,5,0.17,55.21,1,36.91
Produs Garden 337,Garden,normal,130.42,75.17,1.4,3.6,124,989,35,12,44,3.3,43.17,0,131.7
Produs Garden 338,Garden,normal,50.54,36.49,9.9,4.1,127,126,4,1,27,3.96,34.95,0,53.55
Produs Beauty 339,Beauty,offseason,61.71,35.24,16.3,4.2,199,706,31,18,15,5.46,52.2,0,71.79
Produs Toys 340,Toys,offseason,58.78,41.96,8.6,3.5,27,1075,16,9,39,1.37,34.76,0,62.49
Produs Sports 341,Sports,promo,202.65,169.88,18.2,4.7,41,2425,99,62,13,4.76,31.43,1,262.22
Produs Home 342,Home,offseason,162.23,122.81,18.5,4.1,208,1989,111,77,47,5.33,38.3,0,192.67
Produs Health 343,Health,normal,57.83,38.65,5.0,3.9,93,7259,142,80,43,2.37,36.5,1,61.22
Produs Fashion 344,Fashion,normal,85.2,40.49,9.7,4.6,185,5855,190,102,3,3.27,57.09,1,104.14
Produs Health 345,Health,normal,24.36,11.06,7.6,3.2,2,2882,99,41,220,3.66,58.06,1,26.46
Produs Electronics 346,Electronics,holiday,357.44,288.24,20.4,4.6,49,411,18,10,3,3.85,35.81,0,454.46
Produs Garden 347,Garden,promo,82.34,53.71,10.7,3.7,89,353,20,10,46,5.39,41.75,0,92.0
Produs Health 348,Health,promo,71.67,37.54,19.3,3.6,25,175,3,1,8,1.89,57.73,0,84.77
Produs Electronics 349,Electronics,holiday,403.35,331.49,10.3,2.9,336,6767,291,177,4,4.73,26.28,1,496.75
Produs Garden 350,Garden,holiday,108.11,72.79,14.9,4.0,12,3783,124,79,25,3.84,42.7,1,129.69
Produs Toys 351,Toys,offseason,74.47,52.05,5.7,2.9,389,7499,376,213,9,5.65,34.09,1,81.87
Produs Automotive 352,Automotive,offseason,167.83,130.86,22.2,3.2,140,4347,219,100,111,4.64,39.34,0,212.27
Produs Electronics 353,Electronics,normal,266.71,176.53,1.1,4.6,75,3321,117,59,39,3.45,34.54,1,277.11
Produs Toys 354,Toys,holiday,114.43,75.07,4.2,3.7,175,5850,387,216,3,6.73,37.15,1,126.04
Produs Garden 355,Garden,promo,87.19,56.35,0.6,3.0,339,5354,197,84,41,4.42,35.76,1,90.5
Produs Fashion 356,Fashion,normal,50.1,29.64,9.1,3.5,234,1791,69,31,19,3.28,46.23,0,51.65
Produs Garden 357,Garden,promo,36.35,30.83,19.2,4.4,196,8108,290,107,91,3.91,31.47,1,47.29
Produs Home 358,Home,normal,167.86,94.44,13.6,5.0,40,2222,79,36,3,3.61,51.39,0,189.61
Produs Health 359,Health,holiday,94.61,60.84,20.6,4.3,158,93,3,1,72,3.76,48.94,0,125.16
Produs Electronics 360,Electronics,normal,212.26,200.12,16.8,3.4,135,3869,68,32,34,2.02,21.56,0,254.23
Produs Home 361,Home,holiday,157.34,96.88,1.7,3.4,51,361,16,6,29,4.34,39.47,0,154.24
Produs Garden 362,Garden,normal,29.69,19.19,15.7,4.6,175,6791,272,112,37,3.36,45.51,1,37.6
Produs Garden 363,Garden,holiday,163.38,106.8,12.4,3.9,247,5378,84,34,8,1.75,42.74,1,199.58
Produs Fashion 364,Fashion,promo,184.49,82.42,10.4,3.7,152,28,1,0,62,5.16,59.97,0,208.11
Produs Books 365,Books,normal,16.19,12.88,9.9,2.8,267,539,11,7,26,1.9,28.33,0,17.46
Produs Beauty 366,Beauty,offseason,24.55,15.18,21.6,4.4,252,6570,134,68,33,2.48,51.52,1,30.4
Produs Electronics 367,Electronics,promo,248.66,243.08,22.9,4.1,24,4593,127,57,30,2.97,24.63,1,341.81
Produs Beauty 368,Beauty,normal,87.16,43.59,17.6,4.0,80,1718,59,28,120,3.85,58.79,0,107.9
Produs Fashion 369,Fashion,holiday,156.48,92.35,22.8,3.9,98,1733,54,36,52,3.62,54.44,1,202.06
Produs Beauty 370,Beauty,normal,84.2,37.03,16.9,4.5,92,3126,166,50,107,5.28,63.45,1,100.06
Produs Fashion 371,Fashion,holiday,115.46,84.74,13.0,3.8,129,935,26,11,8,2.41,36.15,0,135.2
Produs Automotive 372,Automotive,normal,100.62,77.56,2.9,4.6,16,1955,59,24,114,3.0,25.15,0,98.94
Produs Beauty 373,Beauty,normal,41.25,17.97,13.5,4.1,350,129,4,1,19,3.61,62.31,0,43.81
Produs Automotive 374,Automotive,holiday,94.0,70.5,17.8,3.7,545,3523,64,22,67,1.87,38.35,1,117.75
Produs Automotive 375,Automotive,holiday,189.89,137.05,11.6,4.0,296,2398,127,58,48,4.56,36.2,1,214.99
Produs Books 376,Books,offseason,42.89,34.58,2.8,3.0,49,1071,42,21,20,3.89,21.63,0,41.83
Produs Health 377,Health,normal,132.11,75.86,10.0,3.4,119,9113,397,173,67,4.58,48.32,1,146.06
Produs Toys 378,Toys,holiday,73.82,56.73,16.6,5.0,128,1666,88,42,32,5.13,35.9,1,89.77
Produs Toys 379,Toys,normal,81.49,50.62,14.9,4.2,155,158,3,1,34,2.29,47.14,0,87.91
Produs Beauty 380,Beauty,promo,52.93,32.98,15.4,3.7,314,890,38,21,100,3.83,47.29,1,62.2
Produs Books 381,Books,normal,44.29,32.87,12.8,4.6,9,5783,75,22,32,1.1,35.29,1,50.87
Produs Home 382,Home,normal,98.56,57.36,9.9,3.8,72,1969,101,49,8,4.84,47.56,0,113.51
Produs Toys 383,Toys,promo,52.27,25.99,3.1,4.7,23,5404,210,144,5,3.66,51.82,1,59.09
Produs Automotive 384,Automotive,offseason,177.26,136.63,10.6,4.2,38,1382,23,11,52,2.16,31.09,0,186.88
Produs Health 385,Health,holiday,22.28,16.24,12.1,3.6,489,208,11,5,78,4.95,35.95,0,24.69
Produs Health 386,Health,normal,97.41,51.61,6.1,3.5,165,2880,54,28,37,1.88,50.25,1,102.64
Produs Electronics 387,Electronics,offseason,231.98,172.92,14.3,3.8,570,872,35,20,36,4.72,36.12,0,277.49
Produs Home 388,Home,normal,222.07,143.95,14.3,3.8,200,69,1,0,3,2.46,44.45,0,243.06
Produs Garden 389,Garden,holiday,53.72,43.4,18.5,3.1,201,2690,38,14,61,1.5,34.17,1,68.32
Produs Health 390,Health,normal,72.17,47.08,3.6,4.3,102,12623,440,173,23,3.15,37.11,1,75.85
Produs Books 391,Books,normal,53.37,33.59,2.9,4.2,53,3427,181,92,19,4.81,38.89,1,54.42
Produs Beauty 392,Beauty,offseason,14.43,5.98,11.2,3.4,172,104,0,0,125,0.1,63.18,0,15.81
Produs Home 393,Home,holiday,114.87,61.29,6.4,3.5,168,692,19,11,29,2.66,50.06,0,110.57
Produs Books 394,Books,normal,56.93,33.81,0.3,4.2,88,619,22,8,0,3.9,40.79,0,57.98
Produs Sports 395,Sports,normal,200.52,176.95,21.4,4.5,345,2087,126,82,47,5.1,30.64,1,269.52
Produs Fashion 396,Fashion,offseason,208.06,135.34,10.7,4.7,58,441,7,4,19,2.03,41.91,0,226.03
Produs Home 397,Home,promo,143.94,108.16,23.2,3.8,101,388,12,4,41,2.9,42.29,0,180.04
Produs Fashion 398,Fashion,normal,43.14,23.35,6.3,3.0,24,2556,137,77,12,4.57,49.28,1,43.35
Produs Garden 399,Garden,normal,96.78,54.56,12.3,3.1,227,3847,180,54,123,4.63,50.56,1,110.47
Produs Garden 400,Garden,holiday,75.62,49.64,1.4,4.7,68,4799,155,98,57,3.46,35.27,1,82.07
Produs Health 401,Health,normal,161.69,84.74,7.5,3.8,175,1666,75,35,8,3.95,51.52,0,175.44
Produs Garden 402,Garden,promo,91.27,74.37,13.5,3.8,269,1491,93,29,2,5.23,29.51,1,104.92
Produs Fashion 403,Fashion,promo,183.69,100.29,11.5,3.6,24,2164,18,5,6,0.75,51.68,0,198.97
Produs Garden 404,Garden,normal,59.66,33.8,0.4,3.3,257,255,2,1,2,1.09,43.57,0,56.76
Produs Garden 405,Garden,promo,24.44,17.91,8.4,4.4,77,321,4,2,15,1.39,32.86,0,25.93
Produs Electronics 406,Electronics,promo,213.18,175.82,3.5,3.3,120,1443,79,24,4,4.68,20.41,0,210.75
Produs Beauty 407,Beauty,normal,107.15,62.25,0.2,4.7,135,834,22,13,25,2.45,42.02,0,107.05
Produs Home 408,Home,offseason,149.55,82.19,15.3,4.3,103,7504,293,179,17,3.72,53.45,1,179.83
Produs Fashion 409,Fashion,normal,125.12,72.16,24.7,3.4,147,583,16,5,6,3.42,56.57,0,154.27
Produs Automotive 410,Automotive,promo,72.12,43.55,1.4,3.8,43,2398,118,56,4,4.28,40.45,1,74.81
Produs Beauty 411,Beauty,normal,51.16,37.65,22.4,3.9,59,553,9,3,60,1.52,42.9,0,64.52
Produs Toys 412,Toys,promo,57.95,42.36,11.8,3.0,23,6573,245,111,5,3.81,35.52,1,64.94
Produs Home 413,Home,promo,126.68,102.17,14.2,4.0,93,1354,62,24,13,4.21,30.8,1,154.69
Produs Garden 414,Garden,promo,115.0,71.62,5.7,3.5,297,609,26,12,0,4.46,41.27,0,121.75
Produs Sports 415,Sports,holiday,127.59,111.49,23.2,5.0,342,1352,26,18,52,2.4,32.89,1,168.32
Produs Toys 416,Toys,offseason,121.33,65.36,2.4,3.8,209,2953,100,38,17,3.52,47.42,0,138.21
Produs Electronics 417,Electronics,offseason,319.48,284.32,11.5,3.4,562,1557,35,20,8,2.65,21.24,0,344.09
Produs Electronics 418,Electronics,normal,209.51,164.76,13.3,3.8,179,2370,144,55,46,5.9,31.82,1,240.4
Produs Electronics 419,Electronics,holiday,411.73,361.36,9.1,3.7,28,2045,42,24,9,2.53,20.22,1,453.3
Produs Fashion 420,Fashion,offseason,150.32,88.79,21.8,3.8,214,965,12,6,21,1.1,53.81,0,189.49
Produs Automotive 421,Automotive,offseason,145.87,101.57,11.8,3.1,344,1503,41,23,47,2.94,38.59,0,162.72
Produs Sports 422,Sports,offseason,50.98,33.84,4.5,4.2,27,297,8,2,9,3.34,36.6,0,51.1
Produs Toys 423,Toys,promo,64.45,46.99,18.4,4.3,3,4048,166,84,16,3.63,40.5,1,79.3
Produs Books 424,Books,offseason,40.72,32.25,21.0,3.6,21,3893,132,53,26,3.93,37.42,0,51.2
Produs Electronics 425,Electronics,promo,218.72,166.39,4.2,4.7,50,9048,247,142,43,2.41,27.12,1,242.45
Produs Electronics 426,Electronics,holiday,291.74,235.13,9.2,4.2,164,9544,472,226,148,5.76,26.82,1,342.81
Produs Electronics 427,Electronics,offseason,359.41,313.86,23.7,4.3,526,1974,61,34,14,3.12,33.37,1,450.0
Produs Garden 428,Garden,promo,125.29,88.81,23.1,3.9,97,102,4,1,1,4.12,45.49,0,153.91
Produs Books 429,Books,normal,31.24,21.29,4.9,3.1,218,544,13,8,45,3.07,35.2,0,31.82
Produs Toys 430,Toys,promo,70.82,44.6,12.8,4.7,76,3146,130,59,0,4.27,45.08,1,84.46
Produs Automotive 431,Automotive,normal,71.92,53.16,18.5,3.5,26,3254,162,95,21,4.32,39.76,1,86.99
Produs Beauty 432,Beauty,promo,40.7,16.53,13.1,3.4,133,1178,61,33,12,6.5,64.71,1,48.53
Produs Garden 433,Garden,promo,48.13,26.98,7.2,3.1,53,2199,80,47,10,3.66,47.97,1,51.34
Produs Home 434,Home,offseason,62.35,35.85,7.2,4.5,155,72,5,2,141,6.45,46.65,0,63.66
Produs Automotive 435,Automotive,offseason,232.98,173.06,11.9,3.9,107,2140,67,24,2,2.79,34.56,0,270.35
Produs Beauty 436,Beauty,holiday,28.77,17.1,10.5,4.4,51,1885,61,30,58,2.76,46.82,1,33.06
Produs Beauty 437,Beauty,holiday,88.38,41.93,17.1,3.8,174,251,14,8,0,5.66,60.67,0,103.57
Produs Automotive 438,Automotive,offseason,118.71,72.86,2.6,4.2,31,5683,260,164,29,4.38,40.22,0,121.04
Produs Fashion 439,Fashion,offseason,104.39,82.84,20.5,4.5,56,1125,34,22,36,2.71,36.91,0,123.85
Produs Home 440,Home,normal,293.2,203.06,3.2,3.7,55,588,9,4,57,1.35,32.96,0,293.55
Produs Automotive 441,Automotive,offseason,33.27,31.46,19.8,3.8,18,729,20,11,56,3.46,24.16,0,37.15
Produs Sports 442,Sports,promo,83.09,54.66,2.3,4.7,445,1068,5,2,52,0.55,35.73,0,88.19
Produs Fashion 443,Fashion,normal,111.07,68.93,24.1,4.4,0,3230,215,143,76,5.71,52.9,1,150.65
Produs Beauty 444,Beauty,offseason,67.8,49.13,20.9,4.5,108,1308,47,20,25,3.32,42.68,0,82.78
Produs Books 445,Books,holiday,44.98,38.7,8.2,4.3,137,934,47,22,32,4.31,21.02,0,51.73
Produs Sports 446,Sports,normal,241.59,171.64,23.5,3.9,168,2787,98,49,45,3.68,45.65,1,328.25
Produs Garden 447,Garden,normal,145.77,76.96,4.2,3.8,33,4645,190,74,22,4.26,49.42,1,154.19
Produs Garden 448,Garden,holiday,118.36,81.77,23.6,3.5,449,10959,577,207,24,5.25,47.22,1,172.19
Produs Sports 449,Sports,promo,27.45,19.33,20.8,3.9,29,2319,75,31,39,3.5,44.23,1,33.43
Produs Health 450,Health,offseason,122.46,88.03,16.6,3.6,63,4909,178,121,1,3.57,40.05,0,148.12
Produs Toys 451,Toys,offseason,50.86,34.82,11.5,4.6,295,902,37,18,5,3.89,39.41,0,54.41
Produs Fashion 452,Fashion,offseason,150.16,83.88,14.3,3.0,105,1241,48,33,38,3.94,52.13,0,180.23
Produs Books 453,Books,normal,9.47,9.44,20.9,3.5,4,5548,286,96,16,5.51,21.13,1,12.41
Produs Sports 454,Sports,promo,99.12,65.94,2.1,3.6,18,465,3,0,42,0.7,34.87,0,98.67
Produs Toys 455,Toys,holiday,17.64,10.34,0.6,3.7,58,257,13,7,9,5.28,41.74,0,17.28
Produs Books 456,Books,promo,47.26,37.62,10.9,3.0,232,4587,165,68,1,3.56,29.08,1,54.53
Produs Sports 457,Sports,normal,220.03,153.09,14.8,3.9,113,1392,70,23,69,5.42,40.72,0,255.18
Produs Health 458,Health,holiday,43.9,28.57,15.6,3.2,29,46,2,1,34,4.24,45.06,0,54.59
Produs Automotive 459,Automotive,holiday,239.44,190.62,15.4,4.1,125,2463,47,20,6,1.91,32.65,1,299.99
Produs Home 460,Home,offseason,135.79,85.31,22.8,3.4,46,845,9,5,10,1.34,51.5,0,171.88
Produs Electronics 461,Electronics,promo,364.57,314.35,12.1,4.5,354,564,17,5,62,3.41,24.21,0,427.54
Produs Electronics 462,Electronics,offseason,317.03,330.47,22.4,3.8,9,7757,418,237,86,4.66,19.11,0,420.91
Produs Beauty 463,Beauty,promo,20.52,11.14,23.3,3.1,448,6704,187,122,10,3.11,58.36,1,29.37
Produs Books 464,Books,offseason,50.87,40.78,23.4,4.0,36,802,32,20,2,4.2,38.6,0,62.27
Produs Fashion 465,Fashion,holiday,140.76,79.73,6.2,3.8,23,1611,92,38,41,6.09,46.87,1,152.21
Produs Electronics 466,Electronics,promo,156.45,138.4,16.0,3.7,173,1913,7,3,0,0.41,25.69,0,181.19
Produs Home 467,Home,holiday,51.1,26.84,5.9,4.3,371,2494,188,114,20,6.56,50.57,1,59.82
Produs Automotive 468,Automotive,offseason,209.97,136.17,8.3,3.0,15,436,19,6,21,5.07,40.53,0,210.39
Produs Books 469,Books,offseason,49.27,35.75,16.0,4.2,153,7,0,0,34,4.99,39.05,0,57.56
Produs Beauty 470,Beauty,offseason,86.44,51.1,12.0,4.0,174,4382,114,43,21,2.34,47.98,1,104.15
Produs Garden 471,Garden,promo,16.2,13.46,14.0,3.7,13,1551,39,24,2,2.8,28.55,0,17.68
Produs Beauty 472,Beauty,normal,99.18,64.44,14.2,4.6,222,6587,272,135,10,3.66,44.25,1,128.84
Produs Home 473,Home,holiday,270.86,183.56,10.8,4.1,260,3243,128,47,62,4.51,39.55,1,330.6
Produs Sports 474,Sports,offseason,265.18,204.31,17.1,3.9,21,976,37,21,49,3.56,36.13,0,292.98
Produs Home 475,Home,normal,51.54,38.52,8.3,4.1,858,7005,562,303,55,6.76,31.47,1,59.77
Produs Garden 476,Garden,offseason,64.36,44.37,9.3,4.6,130,753,23,15,84,3.12,37.47,0,70.47
Produs Health 477,Health,offseason,42.22,26.5,1.1,4.7,270,3444,229,94,83,5.69,37.92,1,41.82
Produs Home 478,Home,holiday,151.44,122.27,18.4,2.8,121,6405,249,118,8,3.7,34.12,1,197.03
Produs Automotive 479,Automotive,holiday,72.01,50.92,2.9,4.5,87,11233,279,134,4,2.43,31.34,1,76.07
Produs Books 480,Books,normal,19.19,17.69,20.9,4.0,124,2720,17,11,0,0.71,27.1,0,23.3
Produs Fashion 481,Fashion,promo,154.84,95.69,22.2,4.7,171,1252,50,34,72,3.87,51.92,1,203.04
Produs Automotive 482,Automotive,offseason,166.72,144.97,16.5,3.9,146,1508,69,48,94,3.89,27.39,0,192.71
Produs Electronics 483,Electronics,holiday,211.85,174.5,1.8,4.5,76,490,17,10,3,3.06,19.11,0,206.21
Produs Toys 484,Toys,holiday,98.38,47.23,3.9,3.7,199,6368,448,242,17,6.07,53.86,1,112.74
Produs Sports 485,Sports,offseason,158.4,107.74,6.7,3.8,82,1148,31,17,3,3.12,36.54,0,158.89
Produs Sports 486,Sports,promo,274.42,197.79,16.2,4.5,12,4042,161,111,46,4.35,39.6,1,345.88
Produs Toys 487,Toys,holiday,70.74,51.59,22.9,3.4,79,1562,56,35,17,3.35,43.77,0,89.05
Produs Electronics 488,Electronics,normal,313.99,284.43,19.7,4.1,80,3046,87,51,56,3.12,27.26,0,396.05
Produs Books 489,Books,promo,18.68,19.33,24.6,4.0,85,45,2,0,42,5.74,21.96,0,24.11
Produs Garden 490,Garden,offseason,60.08,37.27,15.4,3.5,168,4082,3,1,8,0.1,47.52,0,66.9
Produs Sports 491,Sports,normal,77.93,53.69,16.2,3.4,234,529,21,10,25,4.33,42.27,0,91.83
Produs Beauty 492,Beauty,offseason,91.22,56.02,21.5,3.7,126,4486,110,33,39,2.99,51.79,0,105.85
Produs Automotive 493,Automotive,holiday,34.87,28.0,12.8,3.8,353,5055,4,1,0,0.1,29.99,0,39.32
Produs Home 494,Home,offseason,302.04,240.06,15.6,3.7,85,439,10,4,23,2.2,32.92,0,339.29
Produs Books 495,Books,offseason,15.77,13.94,17.8,4.9,167,3316,103,63,74,2.79,27.33,0,18.78
Produs Fashion 496,Fashion,offseason,49.58,35.05,15.1,4.4,761,904,35,11,0,4.42,39.99,0,55.9
Produs Beauty 497,Beauty,promo,101.11,38.37,0.8,4.5,144,321,11,4,16,4.12,62.36,0,101.3
Produs Health 498,Health,holiday,127.79,71.34,21.8,3.8,7,7309,251,171,56,3.07,56.34,1,172.89
Produs Garden 499,Garden,normal,163.02,118.82,2.6,3.3,362,427,5,2,28,1.29,29.01,0,160.67
Produs Books 500,Books,holiday,63.97,51.8,5.0,4.8,0,4501,134,55,7,3.01,23.07,1,72.93
Produs Toys 501,Toys,holiday,81.18,63.84,18.8,3.1,22,1400,49,32,121,3.01,36.14,0,97.9
Produs Electronics 502,Electronics,offseason,112.64,115.46,20.2,4.2,56,10035,284,92,56,3.28,18.2,0,135.62
Produs Garden 503,Garden,normal,156.7,94.96,20.0,5.0,81,5424,39,25,51,0.67,51.52,0,201.36
Produs Home 504,Home,promo,271.52,168.38,5.1,3.2,158,2988,95,58,20,2.77,41.15,1,299.93
Produs Electronics 505,Electronics,holiday,190.16,164.86,22.0,3.4,36,1791,54,23,40,3.26,32.38,1,249.34
Produs Health 506,Health,holiday,47.94,26.76,18.2,4.2,9,1166,42,18,1,3.44,54.35,0,56.8
Produs Home 507,Home,normal,153.57,87.32,20.1,4.6,337,2470,84,45,17,3.37,54.57,1,205.76
Produs Garden 508,Garden,promo,138.03,87.6,6.2,3.7,259,1120,49,28,70,5.25,40.47,1,149.18
Produs Beauty 509,Beauty,offseason,31.2,21.8,16.9,3.5,226,5139,244,135,226,4.6,41.95,1,35.33
Produs Toys 510,Toys,promo,28.35,23.05,17.8,4.5,298,314,14,6,54,5.2,33.18,0,34.22
Produs Fashion 511,Fashion,offseason,50.36,30.26,7.2,3.8,54,1172,36,11,6,3.39,44.24,0,51.0
Produs Home 512,Home,holiday,89.49,50.47,12.2,4.3,306,1351,62,32,92,4.47,50.48,1,101.84
Produs Garden 513,Garden,promo,138.02,93.4,11.5,3.5,301,983,44,24,21,4.01,40.11,1,161.26
Produs Health 514,Health,normal,141.4,74.08,18.4,3.4,184,2121,26,15,32,1.11,57.25,0,177.52
Produs Sports 515,Sports,normal,272.93,203.42,18.8,3.9,161,1897,78,31,9,3.5,39.48,1,321.12
Produs Garden 516,Garden,offseason,28.21,18.15,8.0,3.5,407,1038,23,7,30,2.58,40.81,0,30.12
Produs Fashion 517,Fashion,promo,74.97,56.07,19.2,4.7,170,151,11,4,49,6.55,39.57,0,93.03
Produs Beauty 518,Beauty,offseason,83.21,58.25,23.5,4.1,41,2272,65,32,28,3.21,46.45,0,106.57
Produs Books 519,Books,offseason,48.38,38.18,0.7,3.3,2,2019,21,7,57,1.03,21.64,0,46.21
Produs Garden 520,Garden,offseason,85.32,50.4,12.5,4.1,116,460,11,7,130,2.69,48.31,0,93.62
Produs Automotive 521,Automotive,holiday,203.24,154.03,1.5,4.4,43,2848,100,63,9,2.93,25.35,1,208.85
Produs Beauty 522,Beauty,normal,45.13,23.34,3.1,4.4,49,1413,73,49,15,4.97,49.88,0,45.1
Produs Home 523,Home,offseason,113.84,66.13,8.0,4.3,59,6134,375,250,37,7.18,46.56,1,126.02
Produs Beauty 524,Beauty,offseason,64.41,31.24,12.2,3.8,313,2633,103,67,67,3.88,57.41,0,73.78
Produs Toys 525,Toys,holiday,53.57,32.95,20.3,4.3,69,536,14,8,56,3.42,50.98,0,63.45
Produs Sports 526,Sports,normal,231.65,169.06,20.2,4.3,513,93,7,4,37,7.63,41.76,1,293.09
Produs Toys 527,Toys,normal,116.02,73.86,12.4,3.3,125,2867,82,26,5,2.8,44.23,1,134.85
Produs Garden 528,Garden,promo,165.71,97.02,6.9,4.1,525,2830,95,54,85,3.23,45.49,1,185.92
Produs Electronics 529,Electronics,holiday,243.61,162.5,6.9,3.8,67,3557,81,31,13,1.98,37.9,1,271.13
Produs Electronics 530,Electronics,offseason,138.61,129.97,14.3,4.8,573,1378,44,17,7,3.89,19.64,0,165.04
Produs Fashion 531,Fashion,normal,115.52,60.74,14.8,3.7,43,285,6,2,2,2.54,55.2,0,134.83
Produs Fashion 532,Fashion,offseason,169.38,97.8,14.5,4.2,5,939,40,13,5,3.77,50.63,0,189.88
Produs Home 533,Home,offseason,38.7,23.88,14.0,3.9,15,3485,152,82,43,4.91,46.94,1,45.34
Produs Toys 534,Toys,normal,48.92,28.33,19.6,3.6,32,270,10,3,62,3.88,53.44,0,61.23
Produs Health 535,Health,holiday,64.95,40.71,15.5,4.1,6,341,14,7,42,4.25,47.03,0,77.53
Produs Health 536,Health,promo,39.84,24.97,8.6,4.0,132,2835,84,42,72,3.64,42.72,1,43.72
Produs Sports 537,Sports,promo,229.22,157.56,1.7,4.2,176,1574,86,55,33,5.08,32.43,1,240.94
Produs Books 538,Books,promo,13.39,10.07,22.8,2.9,152,2954,104,40,26,3.59,41.9,1,16.79
Produs Toys 539,Toys,promo,68.9,34.07,0.2,4.5,121,384,13,7,97,3.59,50.65,0,71.72
Produs Sports 540,Sports,promo,109.7,78.82,6.5,4.4,42,545,28,11,4,6.09,32.82,0,112.45
Produs Fashion 541,Fashion,holiday,221.79,135.36,6.0,4.3,424,9441,164,107,84,1.45,42.63,1,254.08
Produs Beauty 542,Beauty,promo,31.83,17.76,9.4,2.9,42,118,1,0,30,1.09,49.45,0,32.9
Produs Electronics 543,Electronics,holiday,338.52,290.16,24.2,4.3,12,1590,47,15,28,2.82,35.03,0,427.79
Produs Health 544,Health,holiday,91.79,53.27,8.0,3.5,188,1706,79,36,101,5.14,46.61,1,101.72
Produs Sports 545,Sports,promo,162.47,114.92,5.5,3.6,25,4619,173,57,55,4.16,33.16,1,182.48
Produs Sports 546,Sports,normal,157.36,102.8,10.7,3.5,244,953,34,12,10,3.81,41.66,0,169.48
Produs Fashion 547,Fashion,holiday,180.7,112.38,16.1,4.3,15,185,0,0,8,0.16,47.82,0,213.66
Produs Home 548,Home,promo,216.1,129.81,25.0,4.0,365,21,0,0,61,1.04,54.95,0,287.28
Produs Garden 549,Garden,normal,82.88,61.09,19.0,4.3,38,3457,161,81,61,4.72,40.3,1,99.65
Produs Automotive 550,Automotive,holiday,232.36,174.92,4.7,4.1,35,1494,18,8,34,1.2,28.26,0,256.37
Produs Electronics 551,Electronics,offseason,384.64,274.54,8.5,3.3,77,3769,176,75,0,4.61,34.69,0,389.8
Produs Beauty 552,Beauty,holiday,57.64,29.88,22.8,3.6,72,7424,173,78,25,2.83,59.98,1,82.81
Produs Home 553,Home,normal,81.39,45.23,4.4,4.3,4,554,10,4,9,1.69,46.87,0,85.26
Produs Automotive 554,Automotive,normal,118.92,100.76,8.2,4.4,684,345,9,5,19,2.7,22.22,0,125.93
Produs Sports 555,Sports,holiday,145.78,93.31,11.9,3.1,132,1745,25,10,0,1.35,43.61,0,164.4
Produs Toys 556,Toys,promo,67.07,40.62,22.0,3.4,200,848,38,18,48,3.99,52.76,0,83.39
Produs Garden 557,Garden,promo,77.65,62.13,15.4,3.6,161,2997,103,59,1,4.11,32.31,1,92.16
Produs Health 558,Health,holiday,103.62,80.22,18.2,4.9,79,3587,49,21,56,1.61,36.67,1,128.65
Produs Toys 559,Toys,offseason,36.84,24.15,1.1,4.7,168,1549,56,25,8,3.86,35.18,0,36.99
Produs Beauty 560,Beauty,holiday,75.56,41.32,11.5,4.6,187,1439,65,26,7,4.59,51.61,1,85.01
Produs Beauty 561,Beauty,holiday,26.86,11.63,4.2,4.0,47,1452,41,24,89,3.3,58.54,0,27.8
Produs Electronics 562,Electronics,normal,240.89,185.07,1.3,4.9,218,6606,224,88,3,3.58,24.17,1,256.44
Produs Books 563,Books,promo,43.78,45.17,24.0,4.8,163,3218,134,67,67,5.13,21.58,1,61.8
Produs Garden 564,Garden,promo,167.75,117.44,10.7,4.0,58,37,1,0,9,4.21,37.48,0,190.77
Produs Home 565,Home,holiday,32.92,17.56,10.3,4.1,698,3116,60,40,33,1.75,52.14,1,38.88
Produs Books 566,Books,offseason,47.51,31.99,17.3,3.6,323,956,58,28,16,5.35,44.31,0,54.72
Produs Toys 567,Toys,promo,82.71,43.45,0.3,4.8,19,674,25,9,3,3.84,47.62,0,83.29
Produs Sports 568,Sports,promo,138.29,85.15,6.0,3.8,87,5245,4,1,61,0.1,42.12,1,150.58
Produs Toys 569,Toys,holiday,95.03,74.76,18.3,3.8,8,6242,324,201,47,4.35,35.73,1,130.1
Produs Health 570,Health,holiday,48.58,24.32,1.6,2.8,8,12074,525,183,7,3.7,50.74,1,50.59
Produs Sports 571,Sports,promo,167.69,118.92,11.7,4.2,82,2327,93,49,137,4.35,37.38,1,204.64
Produs Automotive 572,Automotive,normal,259.81,203.06,9.4,3.5,141,1420,46,31,26,3.79,29.19,0,273.83
Produs Fashion 573,Fashion,holiday,131.65,98.46,18.2,4.0,90,1175,63,20,5,5.17,38.82,1,162.26
Produs Sports 574,Sports,normal,23.89,17.79,18.1,2.9,422,8807,307,152,40,3.68,39.02,1,29.6
Produs Electronics 575,Electronics,normal,229.79,170.81,4.9,3.6,366,3202,126,62,46,3.95,29.31,1,236.88
Produs Toys 576,Toys,promo,38.03,32.99,20.3,3.5,179,2591,43,20,45,1.85,30.86,1,50.0
Produs Beauty 577,Beauty,normal,22.41,15.73,17.8,3.4,548,209,12,7,7,5.06,42.31,0,27.1
Produs Health 578,Health,offseason,92.38,53.07,18.8,4.9,17,2125,50,31,12,2.11,53.35,0,117.43
Produs Home 579,Home,normal,395.07,195.92,0.0,4.7,111,2657,130,47,18,4.48,50.41,1,395.17
Produs Beauty 580,Beauty,normal,59.45,24.7,4.6,4.3,213,750,33,15,39,3.85,60.36,0,58.5
Produs Beauty 581,Beauty,normal,42.62,23.15,6.9,3.6,97,2792,121,39,55,5.17,49.44,1,46.88
Produs Electronics 582,Electronics,normal,152.8,111.58,9.4,2.7,46,1663,55,29,16,3.02,33.84,0,160.56
Produs Books 583,Books,promo,68.66,48.08,9.5,4.4,60,263,10,5,51,4.0,36.63,0,73.51
Produs Garden 584,Garden,normal,145.01,114.76,17.5,4.2,144,2688,58,26,8,2.18,34.71,1,177.75
Produs Books 585,Books,normal,41.2,31.62,24.2,3.9,39,1656,22,13,17,1.25,41.84,0,52.5
Produs Automotive 586,Automotive,normal,217.07,164.61,4.9,4.4,127,4858,239,83,63,4.92,27.88,1,244.24
Produs Health 587,Health,offseason,45.53,25.25,2.9,3.8,35,3498,94,31,22,2.55,46.16,0,45.53
Produs Books 588,Books,offseason,59.57,47.41,6.4,2.9,19,364,14,8,3,3.97,25.51,0,56.1
Produs Garden 589,Garden,normal,110.13,84.44,17.9,4.0,154,2063,47,29,10,2.03,37.05,0,134.87
Produs Fashion 590,Fashion,holiday,157.05,80.2,18.6,4.4,287,7701,354,106,2,4.46,58.43,1,200.86
Produs Toys 591,Toys,holiday,91.37,59.63,23.3,4.5,134,281,11,7,15,5.08,49.94,0,116.21
Produs Sports 592,Sports,offseason,228.52,169.14,7.1,4.0,263,87,0,0,46,0.58,31.24,0,250.27
Produs Garden 593,Garden,offseason,122.13,88.04,7.3,4.2,249,414,15,9,108,3.39,33.18,0,134.37
Produs Beauty 594,Beauty,offseason,72.74,47.99,20.4,4.3,3,1245,36,17,17,3.04,47.48,0,89.12
Produs Home 595,Home,holiday,223.71,185.34,21.4,3.8,209,2171,97,62,49,3.99,34.88,1,294.7
Produs Beauty 596,Beauty,offseason,84.91,46.44,3.6,4.2,199,22,1,0,45,5.94,47.28,0,85.46
Produs Toys 597,Toys,promo,105.85,94.65,24.4,4.1,588,2625,107,73,39,3.95,32.4,1,145.55
Produs Sports 598,Sports,offseason,139.87,104.51,23.9,3.7,176,3965,97,59,80,2.31,43.14,0,178.97
Produs Automotive 599,Automotive,holiday,32.1,25.07,3.1,3.3,38,2209,25,12,47,0.95,24.33,0,33.88
Produs Toys 600,Toys,offseason,138.74,78.64,7.5,4.3,187,4955,223,103,48,4.44,47.57,1,156.1
Produs Health 601,Health,offseason,26.15,13.32,13.5,4.3,210,581,9,3,79,1.52,55.93,0,29.22
Produs Automotive 602,Automotive,holiday,59.93,47.68,5.2,4.3,286,89,5,2,18,5.14,24.58,0,62.06
Produs Electronics 603,Electronics,promo,179.44,130.1,13.0,4.2,88,2151,31,15,170,1.35,36.92,0,211.23
Produs Sports 604,Sports,normal,238.19,170.7,0.9,4.6,36,360,21,11,12,5.8,28.98,0,226.35
Produs Health 605,Health,holiday,59.18,30.09,4.1,2.8,169,7041,270,103,39,4.48,51.24,1,67.97
Produs Sports 606,Sports,holiday,181.53,120.22,12.8,4.5,57,3875,217,148,11,5.89,42.25,1,229.52
Produs Health 607,Health,offseason,27.77,14.97,9.1,3.8,304,639,23,10,138,4.54,51.0,0,30.1
Produs Fashion 608,Fashion,promo,124.38,62.86,14.7,4.1,64,2122,55,22,4,2.87,56.89,0,146.55
Produs Toys 609,Toys,promo,46.69,31.71,24.2,3.3,284,1619,42,12,28,3.1,48.53,1,62.99
Produs Toys 610,Toys,holiday,16.74,11.48,24.4,3.9,140,3067,64,44,64,2.4,48.14,1,22.78
Produs Toys 611,Toys,promo,42.88,27.29,23.7,3.6,14,207,9,6,7,4.22,51.45,0,56.12
Produs Health 612,Health,offseason,113.95,96.67,23.7,3.5,22,1721,7,3,30,0.38,35.27,0,144.33
Produs Sports 613,Sports,normal,209.02,145.36,18.7,4.0,451,4334,297,151,37,5.96,43.46,1,253.47
Produs Health 614,Health,promo,46.39,26.78,3.3,3.9,102,467,21,9,45,3.89,44.18,0,44.97
Produs Fashion 615,Fashion,holiday,90.74,55.25,5.3,4.0,36,908,16,8,69,1.56,42.34,0,95.77
Produs Garden 616,Garden,offseason,22.69,18.42,11.5,3.9,64,3204,128,38,22,4.18,28.14,0,26.44
Produs Beauty 617,Beauty,offseason,26.91,13.39,3.9,3.8,75,889,22,8,66,2.61,52.19,0,27.77
Produs Automotive 618,Automotive,promo,67.7,42.74,0.1,4.6,17,838,13,6,16,1.93,36.94,0,67.53
Produs Automotive 619,Automotive,holiday,54.37,42.34,12.4,3.9,208,3789,101,59,54,2.79,31.78,1,63.94
Produs Fashion 620,Fashion,normal,57.58,32.57,0.3,3.9,265,1403,44,13,26,3.05,43.6,0,58.21
Produs Toys 621,Toys,promo,93.76,50.93,4.7,4.0,45,3017,136,64,25,4.23,48.23,1,100.12
Produs Health 622,Health,promo,42.31,21.9,15.7,4.2,76,800,28,10,0,4.11,56.37,0,52.02
Produs Toys 623,Toys,offseason,64.83,45.08,24.5,4.1,9,1392,57,19,18,5.06,47.5,0,83.07
Produs Sports 624,Sports,holiday,315.91,214.82,0.0,3.8,50,821,20,9,11,2.38,32.0,0,309.51
Produs Fashion 625,Fashion,normal,142.98,84.92,19.3,4.3,249,3396,159,86,10,4.54,52.07,1,190.23
Produs Fashion 626,Fashion,normal,56.95,27.26,3.0,3.1,159,528,10,6,3,1.79,53.56,0,55.55
Produs Automotive 627,Automotive,promo,168.49,130.42,3.2,3.3,333,3561,188,98,17,4.66,25.07,1,187.11
Produs Fashion 628,Fashion,offseason,34.44,24.48,23.3,3.9,137,2982,88,27,33,3.49,45.48,0,42.78
Produs Toys 629,Toys,offseason,81.32,51.82,24.3,4.4,72,3778,205,83,8,5.66,51.76,1,110.79
Produs Electronics 630,Electronics,offseason,272.65,197.09,6.5,4.3,46,317,7,3,13,2.49,32.41,0,260.52
Produs Home 631,Home,promo,103.0,61.67,16.1,4.0,114,3,0,0,18,6.29,49.77,0,124.26
Produs Health 632,Health,holiday,114.79,74.26,15.3,3.9,253,4342,152,104,7,3.96,45.21,1,144.29
Produs Garden 633,Garden,normal,113.59,82.5,23.6,4.0,139,577,31,13,9,5.6,44.51,0,138.56
Produs Toys 634,Toys,promo,67.1,38.93,10.8,4.3,102,1537,84,31,33,4.88,48.25,1,75.83
Produs Home 635,Home,normal,109.74,65.99,20.4,3.9,23,1389,35,19,20,2.61,52.13,0,132.99
Produs Electronics 636,Electronics,normal,189.3,194.76,20.7,4.1,6,713,8,2,39,1.35,18.41,0,234.86
Produs Fashion 637,Fashion,holiday,209.98,136.83,3.5,4.1,253,918,3,1,31,0.34,37.12,0,224.86
Produs Electronics 638,Electronics,normal,107.41,93.7,12.8,4.1,364,60,1,0,42,2.79,23.93,0,127.85
Produs Toys 639,Toys,normal,76.84,36.82,5.6,4.4,11,1015,30,20,3,3.17,54.77,0,79.42
Produs Toys 640,Toys,holiday,92.3,50.86,3.8,3.8,255,1070,21,13,43,2.4,46.99,1,95.47
Produs Fashion 641,Fashion,normal,176.98,89.04,19.4,4.2,88,3984,198,123,4,4.18,59.45,1,226.74
Produs Beauty 642,Beauty,normal,39.53,27.79,19.2,3.6,98,9015,459,254,5,4.9,43.19,1,50.12
Produs Toys 643,Toys,offseason,78.19,50.4,12.3,3.6,13,3137,103,62,66,3.26,43.47,0,89.41
Produs Books 644,Books,normal,22.03,14.23,9.1,3.7,17,6057,207,132,60,3.63,41.26,1,25.51
Produs Health 645,Health,offseason,57.98,26.05,1.4,4.8,182,1184,61,41,18,6.42,55.7,0,55.46
Produs Fashion 646,Fashion,offseason,212.53,92.64,0.8,3.9,12,2105,93,33,8,3.96,56.76,0,199.99
Produs Home 647,Home,offseason,141.99,108.6,19.5,3.9,25,5324,101,60,27,2.34,38.43,0,177.19
Produs Automotive 648,Automotive,holiday,228.93,189.04,17.7,3.7,542,1842,85,29,9,3.9,32.04,1,282.02
Produs Beauty 649,Beauty,normal,92.88,48.65,7.8,3.4,27,4065,56,21,4,1.31,51.71,0,101.78
Produs Books 650,Books,normal,26.05,20.33,2.7,4.0,360,519,17,11,10,3.72,24.07,0,27.03
Produs Electronics 651,Electronics,offseason,75.78,75.1,23.6,4.5,49,1269,39,23,51,3.58,24.29,0,96.41
Produs Fashion 652,Fashion,holiday,116.61,55.57,2.5,4.1,132,1203,33,21,13,2.7,53.54,1,124.0
Produs Fashion 653,Fashion,promo,187.74,100.63,16.4,4.0,497,1815,51,28,106,2.62,55.19,1,237.11
Produs Books 654,Books,holiday,31.42,20.64,10.8,4.7,73,585,11,3,6,1.86,41.4,0,33.74
Produs Electronics 655,Electronics,promo,314.65,304.64,21.7,4.3,103,1516,5,2,2,0.45,24.19,0,382.57
Produs Fashion 656,Fashion,promo,140.31,99.65,24.7,4.8,87,6447,239,164,26,3.16,46.52,1,198.82
Produs Toys 657,Toys,promo,62.89,42.61,15.6,3.9,79,1495,70,48,1,4.08,42.81,0,73.72
Produs Sports 658,Sports,normal,68.16,52.42,9.4,3.1,37,5181,124,54,25,2.25,30.32,0,73.72
Produs Fashion 659,Fashion,normal,52.94,43.39,24.0,3.6,77,166,6,3,9,4.46,37.71,0,66.27
Produs Automotive 660,Automotive,normal,170.79,104.58,3.6,4.1,661,3720,165,102,62,5.39,40.97,1,184.26
Produs Sports 661,Sports,normal,312.19,190.59,6.7,3.9,10,1298,36,21,82,3.03,43.04,0,322.32
Produs Home 662,Home,promo,260.1,227.17,22.5,3.5,26,1074,58,28,46,5.6,32.31,0,346.67
Produs Books 663,Books,offseason,52.53,44.61,22.3,4.3,129,390,24,15,53,5.78,34.02,0,62.86
Produs Electronics 664,Electronics,promo,399.46,289.07,12.5,3.6,168,762,49,34,114,5.93,36.68,0,442.03
Produs Garden 665,Garden,normal,20.73,11.77,4.7,3.7,137,608,5,1,45,1.06,45.9,0,21.07
Produs Books 666,Books,normal,24.76,22.52,20.5,4.4,1043,1336,59,37,22,4.75,27.67,1,31.25
Produs Beauty 667,Beauty,offseason,51.04,33.34,14.9,3.5,279,2916,88,36,38,3.11,44.42,1,58.93
Produs Fashion 668,Fashion,normal,38.14,32.11,23.3,4.7,146,1967,103,51,65,5.01,35.41,1,47.39
Produs Sports 669,Sports,promo,269.44,166.13,2.9,4.8,64,3946,23,15,41,0.61,40.13,1,272.14
Produs Books 670,Books,promo,38.02,33.38,16.5,3.6,360,2796,146,96,1,6.53,26.69,1,47.85
Produs Health 671,Health,holiday,55.35,30.19,24.8,4.1,32,2585,220,136,34,7.54,58.98,1,80.83
Produs Beauty 672,Beauty,offseason,97.96,51.75,10.9,4.7,105,2495,141,89,39,5.08,52.93,0,114.42
Produs Books 673,Books,promo,16.48,13.12,0.3,4.0,144,1961,61,32,1,2.64,20.64,0,14.91
Produs Books 674,Books,promo,24.8,15.41,7.4,3.6,227,3855,138,77,12,3.25,42.45,1,27.58
Produs Garden 675,Garden,normal,34.42,17.67,3.1,4.2,29,201,10,6,9,4.41,50.25,0,35.89
Produs Toys 676,Toys,normal,76.4,43.86,5.3,3.1,150,1498,65,27,93,5.02,45.64,0,76.85
Produs Electronics 677,Electronics,normal,430.6,304.36,12.1,3.5,25,3384,89,33,1,2.26,37.87,0,490.14
Produs Beauty 678,Beauty,promo,100.29,60.57,5.4,3.8,195,7027,282,138,122,4.43,42.87,1,114.42
Produs Home 679,Home,offseason,264.36,174.63,12.8,3.7,28,2904,136,56,19,4.08,42.4,0,290.97
Produs Home 680,Home,promo,282.51,148.52,12.2,4.4,206,4230,108,58,22,2.44,53.84,1,328.16
Produs Fashion 681,Fashion,offseason,58.24,42.85,12.8,3.6,262,2589,87,38,1,2.85,35.84,0,67.5
Produs Beauty 682,Beauty,holiday,36.97,22.26,9.3,4.3,1,2914,143,55,33,4.53,45.38,1,43.22
Produs Fashion 683,Fashion,offseason,87.41,55.16,5.4,3.3,438,4118,114,60,41,2.61,40.3,0,89.64
Produs Books 684,Books,promo,20.82,14.26,12.5,4.5,19,469,14,6,34,3.4,40.07,0,24.22
Produs Garden 685,Garden,normal,145.08,119.7,21.0,3.1,375,99,5,1,3,5.33,34.82,0,169.4
Produs Home 686,Home,holiday,263.81,183.81,13.9,3.7,74,2980,157,100,136,5.4,40.01,1,329.26
Produs Garden 687,Garden,normal,20.36,14.47,0.3,4.3,174,1430,53,19,93,4.31,29.15,0,21.08
Produs Electronics 688,Electronics,normal,183.78,125.35,2.8,4.2,59,2371,88,35,7,3.31,33.7,1,194.77
Produs Beauty 689,Beauty,holiday,82.08,43.43,22.2,4.5,88,326,10,5,43,3.17,58.83,0,104.54
Produs Automotive 690,Automotive,promo,45.04,34.34,17.8,3.4,41,2604,171,98,3,5.77,37.32,1,55.46
Produs Sports 691,Sports,offseason,283.45,197.52,2.6,4.2,112,4887,293,124,24,5.44,32.13,1,303.77
Produs Beauty 692,Beauty,promo,98.68,56.03,11.3,3.8,76,177,4,2,121,2.81,49.64,0,107.3
Produs Automotive 693,Automotive,normal,179.38,169.19,22.4,4.0,162,1506,52,34,3,3.83,26.81,0,227.31
Produs Health 694,Health,offseason,94.38,64.48,6.8,4.6,197,1372,59,27,36,4.75,36.33,0,98.34
Produs Toys 695,Toys,normal,81.29,57.59,24.0,4.0,5,773,25,8,10,3.99,46.16,0,99.95
Produs Toys 696,Toys,offseason,22.37,14.81,22.0,4.0,231,1067,44,23,52,4.51,48.35,0,28.87
Produs Garden 697,Garden,offseason,125.63,78.2,17.2,4.4,27,1009,54,36,43,5.49,48.46,0,148.21
Produs Home 698,Home,normal,84.71,43.28,0.2,3.7,0,5163,248,78,0,4.86,49.01,1,83.73
Produs Sports 699,Sports,promo,263.61,148.54,2.5,4.2,101,1079,24,13,11,2.22,45.06,0,268.51
Produs Home 700,Home,holiday,281.95,181.66,21.4,4.5,17,2894,73,22,153,2.34,49.36,1,358.2
Produs Beauty 701,Beauty,holiday,54.83,36.25,18.5,4.5,204,538,20,11,134,3.26,46.11,1,65.76
Produs Automotive 702,Automotive,promo,79.07,65.47,22.2,3.6,765,925,33,16,16,4.49,35.58,0,99.13
Produs Automotive 703,Automotive,holiday,94.39,63.22,12.5,3.8,24,8503,174,98,14,1.96,41.39,1,117.97
Produs Electronics 704,Electronics,offseason,82.81,74.2,14.8,4.4,84,2698,84,33,17,3.92,23.66,0,101.5
Produs Health 705,Health,promo,166.38,81.41,3.6,3.9,375,859,13,8,11,1.91,52.83,0,167.12
Produs Toys 706,Toys,normal,115.36,63.71,14.9,4.2,313,4078,171,103,11,4.92,53.0,1,142.05
Produs Home 707,Home,normal,117.7,62.27,11.5,4.4,269,252,15,8,28,5.89,53.18,0,127.8
Produs Books 708,Books,offseason,37.75,23.87,11.5,4.1,218,231,6,3,61,3.32,44.04,0,40.44
Produs Garden 709,Garden,holiday,24.13,12.88,3.1,3.7,215,1824,42,14,12,2.03,48.28,1,25.36
Produs Garden 710,Garden,normal,138.16,97.61,17.3,4.2,131,1787,56,32,29,2.93,41.57,0,158.91
Produs Beauty 711,Beauty,promo,104.73,47.96,3.9,3.4,413,4094,76,28,2,1.78,55.99,1,117.0
Produs Health 712,Health,normal,59.19,37.17,0.6,3.5,390,891,30,11,10,3.45,37.59,0,57.89
Produs Garden 713,Garden,offseason,155.18,99.49,10.8,3.8,256,2678,64,38,31,2.78,42.81,0,172.71
Produs Fashion 714,Fashion,offseason,100.17,64.4,9.6,4.2,251,400,6,2,19,1.91,41.88,0,106.74
Produs Garden 715,Garden,offseason,17.37,11.5,24.1,3.2,48,10009,375,240,27,3.98,49.77,1,23.83
Produs Toys 716,Toys,normal,32.24,25.53,16.4,3.5,293,377,12,6,102,2.86,33.79,0,39.05
Produs Automotive 717,Automotive,offseason,276.84,190.98,4.5,3.8,161,750,14,7,34,1.78,34.12,0,268.57
Produs Fashion 718,Fashion,normal,34.37,17.03,5.8,3.7,170,977,17,10,99,1.98,53.32,0,35.34
Produs Beauty 719,Beauty,offseason,92.85,46.71,1.6,3.8,281,189,6,3,73,3.02,50.5,0,90.74
Produs Automotive 720,Automotive,offseason,56.8,43.05,13.9,4.2,170,638,35,16,30,5.14,34.75,0,63.4
Produs Electronics 721,Electronics,normal,128.59,108.89,22.3,3.7,118,186,7,4,96,4.69,34.2,0,155.14
Produs Sports 722,Sports,offseason,145.53,120.48,22.5,4.5,86,2455,38,20,5,1.35,35.84,0,183.35
Produs Automotive 723,Automotive,promo,43.64,29.5,0.6,4.2,264,1237,27,17,6,2.38,32.81,0,45.43
Produs Sports 724,Sports,holiday,127.82,109.49,17.4,4.4,374,763,28,12,12,4.59,29.25,1,162.58
Produs Beauty 725,Beauty,promo,55.71,30.17,23.1,3.5,40,189,1,0,48,0.87,58.35,0,69.36
Produs Fashion 726,Fashion,offseason,158.36,80.29,2.0,2.9,47,106,2,1,42,2.35,50.31,0,154.82
Produs Sports 727,Sports,normal,263.77,234.01,19.5,4.2,71,2876,126,62,19,5.44,28.58,1,335.28
Produs Toys 728,Toys,promo,25.89,20.52,15.4,4.4,63,6254,151,50,0,2.7,32.95,1,31.62
Produs Health 729,Health,normal,146.41,115.4,18.0,4.1,20,497,11,4,42,2.95,35.37,0,177.11
Produs Garden 730,Garden,offseason,101.59,71.52,1.9,4.0,102,3322,168,111,9,5.38,30.94,0,96.53
Produs Health 731,Health,holiday,123.57,93.66,22.3,3.7,16,1064,53,36,26,5.2,41.11,1,165.68
Produs Health 732,Health,promo,66.66,35.21,3.1,3.9,5,670,5,3,122,0.89,48.82,0,68.13
Produs Home 733,Home,holiday,184.84,152.18,24.1,4.9,72,47,2,0,10,4.58,37.51,0,245.73
Produs Health 734,Health,normal,101.66,80.7,19.1,5.0,210,1024,25,10,55,2.23,35.78,0,125.25
Produs Garden 735,Garden,offseason,134.52,93.22,23.2,4.0,120,7616,69,28,187,0.78,46.78,0,171.01
Produs Garden 736,Garden,holiday,36.69,28.33,18.6,4.2,2,4018,148,49,11,3.14,37.15,1,46.25
Produs Toys 737,Toys,normal,81.91,59.8,16.5,4.2,140,331,2,0,12,0.82,39.04,0,98.31
Produs Automotive 738,Automotive,normal,137.23,91.51,12.0,4.2,9,6985,167,90,15,2.63,41.32,1,160.35
Produs Home 739,Home,holiday,294.9,234.03,15.8,4.4,7,303,12,6,78,5.16,33.18,0,341.9
Produs Sports 740,Sports,normal,252.73,167.75,24.4,5.0,283,1943,60,23,4,3.79,49.82,0,333.67
Produs Fashion 741,Fashion,promo,59.39,38.0,20.7,3.9,83,831,20,10,17,2.98,49.26,0,73.98
Produs Books 742,Books,offseason,75.36,55.19,0.8,3.7,24,2236,83,31,15,4.42,27.35,0,70.63
Produs Garden 743,Garden,holiday,161.31,118.83,14.6,3.8,215,2618,86,58,194,2.79,37.09,1,184.23
Produs Health 744,Health,offseason,82.86,65.83,22.0,4.2,161,1836,26,9,34,1.54,38.03,0,102.75
Produs Books 745,Books,promo,40.69,25.69,2.9,4.0,318,1123,62,31,98,5.93,38.7,1,40.9
Produs Automotive 746,Automotive,offseason,69.31,56.55,24.7,4.3,359,2802,89,48,63,2.99,38.56,0,93.22
Produs Toys 747,Toys,offseason,72.87,55.14,12.4,4.2,29,1513,36,16,58,2.82,33.71,0,77.83
Produs Fashion 748,Fashion,promo,219.95,97.7,0.6,4.1,108,1883,72,33,5,4.01,55.85,1,218.83
Produs Home 749,Home,normal,135.56,73.08,8.4,3.8,192,191,6,4,96,3.05,50.62,0,137.96
Produs Toys 750,Toys,holiday,95.82,61.57,18.3,3.9,257,1780,23,6,35,1.53,47.5,1,115.35
Produs Books 751,Books,offseason,20.8,13.86,7.0,4.1,101,123,2,1,28,2.42,38.06,0,21.29
Produs Toys 752,Toys,holiday,116.07,54.12,1.0,5.0,196,1407,31,20,15,2.45,53.84,1,120.92
Produs Home 753,Home,holiday,196.31,131.99,4.2,4.4,139,280,7,2,4,3.07,35.59,0,195.4
Produs Beauty 754,Beauty,normal,60.47,45.93,22.3,3.7,100,4320,133,54,118,3.27,40.99,1,79.66
Produs Beauty 755,Beauty,offseason,37.83,26.32,17.7,4.3,84,763,18,12,52,2.15,42.74,0,45.45
Produs Fashion 756,Fashion,promo,165.89,107.97,12.7,3.9,107,3751,227,96,103,5.59,43.18,1,201.95
Produs Health 757,Health,holiday,39.91,25.76,20.9,3.1,148,705,6,3,9,0.89,48.95,0,51.36
Produs Automotive 758,Automotive,promo,216.66,165.0,5.0,4.9,291,3460,25,8,32,0.91,27.65,1,237.56
Produs Toys 759,Toys,holiday,92.04,53.03,5.9,3.6,462,5257,298,193,44,5.0,45.78,1,105.19
Produs Garden 760,Garden,holiday,109.18,74.99,5.5,5.0,216,1360,36,14,22,2.76,35.09,1,126.0
Produs Fashion 761,Fashion,holiday,147.95,86.86,19.3,3.1,100,1327,44,18,28,3.78,52.62,1,178.97
Produs Electronics 762,Electronics,holiday,171.26,143.64,9.8,3.5,365,781,34,14,68,4.04,24.35,0,195.75
Produs Garden 763,Garden,promo,110.96,60.84,2.8,4.7,20,1940,70,21,19,3.09,46.71,1,111.99
Produs Books 764,Books,normal,50.77,37.44,9.1,4.1,115,4910,189,117,96,4.33,32.97,1,58.33
Produs Sports 765,Sports,normal,28.09,26.28,23.5,4.4,99,426,17,6,59,4.41,28.44,0,36.65
Produs Fashion 766,Fashion,offseason,141.94,107.49,18.5,4.0,11,3201,146,68,0,4.13,38.28,0,166.32
Produs Beauty 767,Beauty,normal,87.75,37.07,4.9,3.7,58,1795,39,15,9,2.7,59.82,0,95.02
Produs Automotive 768,Automotive,offseason,82.34,82.71,24.2,3.5,357,1904,48,14,27,2.86,23.86,0,108.23
Produs Health 769,Health,normal,91.81,46.69,0.6,4.1,97,288,5,1,39,1.88,49.45,0,91.97
Produs Sports 770,Sports,offseason,195.86,152.83,10.1,4.3,274,3573,57,28,21,1.95,29.85,0,204.31
Produs Electronics 771,Electronics,holiday,288.86,258.68,21.8,4.0,123,1677,75,51,10,4.52,29.97,1,376.48
Produs Health 772,Health,normal,164.22,91.0,1.9,4.1,110,323,10,6,4,3.68,45.64,0,158.0
Produs Health 773,Health,offseason,37.93,18.28,10.5,4.2,818,3181,129,52,15,3.54,56.86,1,42.01
Produs Beauty 774,Beauty,promo,36.33,19.49,20.1,4.5,139,1597,43,18,54,3.07,57.13,1,46.29
Produs Beauty 775,Beauty,offseason,15.42,7.95,3.8,5.0,56,519,28,14,16,5.18,50.41,0,15.88
Produs Beauty 776,Beauty,normal,48.85,23.84,5.7,3.2,48,4297,49,26,14,1.01,53.98,0,50.2
Produs Home 777,Home,promo,40.39,32.72,18.3,3.9,16,3984,191,115,16,4.65,33.81,1,49.34
Produs Home 778,Home,offseason,93.77,69.61,5.8,4.2,143,386,26,7,3,6.88,30.07,0,95.56
Produs Automotive 779,Automotive,offseason,183.32,149.72,12.5,4.5,71,1217,57,24,29,4.79,28.54,0,199.25
Produs Sports 780,Sports,promo,273.13,178.3,17.8,4.3,101,3889,78,40,22,1.88,46.34,1,341.1
Produs Books 781,Books,offseason,57.17,45.63,10.6,3.2,380,529,7,4,215,1.44,28.65,0,63.54
Produs Sports 782,Sports,normal,166.37,139.59,22.8,4.5,1,797,22,12,20,2.61,35.23,0,211.26
Produs Home 783,Home,normal,305.0,192.26,21.6,5.0,150,1684,20,12,55,1.24,50.58,0,383.66
Produs Electronics 784,Electronics,promo,296.2,295.3,21.3,4.8,19,1464,77,32,78,4.91,21.54,0,397.47
Produs Garden 785,Garden,normal,59.32,42.76,22.5,4.2,643,3201,89,27,43,2.95,44.13,1,79.39
Produs Electronics 786,Electronics,normal,155.07,107.52,3.7,4.0,6,2344,111,51,40,4.42,33.23,1,152.87
Produs Home 787,Home,holiday,205.75,156.26,11.7,4.1,399,230,7,2,3,2.95,32.94,0,236.64
Produs Electronics 788,Electronics,promo,372.61,319.35,9.4,4.7,42,4539,224,147,8,4.68,22.35,1,422.72
Produs Electronics 789,Electronics,offseason,363.3,295.31,3.5,3.9,31,5376,209,87,47,4.48,21.56,0,389.69
Produs Garden 790,Garden,holiday,70.63,45.02,11.2,3.4,5,4500,60,30,9,1.42,43.4,1,78.51
Produs Home 791,Home,promo,129.33,68.7,13.8,4.0,108,591,12,4,102,2.31,54.21,0,145.42
Produs Automotive 792,Automotive,promo,134.14,111.72,14.1,3.4,58,276,2,1,6,0.79,28.46,0,150.02
Produs Fashion 793,Fashion,promo,203.88,132.39,11.7,4.0,248,1524,59,27,20,3.79,42.66,1,229.6
Produs Books 794,Books,holiday,43.34,30.63,1.0,4.3,409,6539,167,78,12,3.03,30.03,1,45.52
Produs Beauty 795,Beauty,promo,84.89,42.32,24.1,4.3,538,3484,93,40,128,3.15,62.16,1,116.46
Produs Beauty 796,Beauty,holiday,63.16,35.29,0.0,4.6,53,209,11,4,3,5.98,44.13,0,64.44
Produs Books 797,Books,normal,38.29,30.99,11.8,3.7,365,2759,42,24,57,1.36,28.62,1,44.14
Produs Beauty 798,Beauty,offseason,76.47,36.12,20.5,3.9,75,185,3,1,35,1.93,62.45,0,96.18
Produs Sports 799,Sports,holiday,142.74,87.03,0.0,3.6,12,653,17,5,14,2.62,39.03,0,142.73
Produs Beauty 800,Beauty,offseason,25.62,16.1,16.9,3.6,465,494,17,8,4,3.64,47.78,0,28.97
Produs Fashion 801,Fashion,offseason,190.24,133.77,8.0,3.6,90,1664,55,25,59,2.83,35.31,0,205.7
Produs Fashion 802,Fashion,offseason,115.45,63.86,17.8,4.7,17,492,0,0,81,0.17,54.53,0,134.97
Produs Garden 803,Garden,holiday,42.18,27.06,18.2,3.8,49,323,11,4,87,3.63,47.51,0,49.45
Produs Books 804,Books,holiday,59.41,50.57,6.7,3.9,88,883,35,12,52,5.0,20.59,0,62.48
Produs Beauty 805,Beauty,normal,68.61,40.46,3.6,2.9,63,1531,58,38,93,3.63,43.15,0,69.1
Produs Garden 806,Garden,offseason,22.29,14.45,1.0,3.4,251,266,5,2,16,1.97,35.84,0,21.17
Produs Toys 807,Toys,normal,32.66,20.44,18.0,4.0,365,8392,271,143,211,2.89,48.67,1,40.32
Produs Sports 808,Sports,normal,118.77,90.32,19.0,3.2,225,810,38,20,96,4.46,38.4,0,140.92
Produs Toys 809,Toys,promo,16.97,10.45,3.2,3.9,558,957,46,14,15,5.52,40.36,1,17.92
Produs Garden 810,Garden,offseason,113.61,70.26,8.2,3.1,1,1041,55,26,24,5.72,43.23,0,117.2
Produs Beauty 811,Beauty,offseason,32.94,24.77,21.3,4.7,123,1058,28,19,18,3.07,40.81,0,41.76
Produs Automotive 812,Automotive,normal,60.84,47.8,15.6,3.5,217,3479,91,54,182,2.88,33.7,1,74.54
Produs Toys 813,Toys,normal,21.12,18.13,24.8,3.7,25,3757,127,58,21,3.1,35.46,1,27.45
Produs Garden 814,Garden,holiday,72.16,46.88,2.6,5.0,215,955,9,4,78,0.98,36.72,0,73.9
Produs Automotive 815,Automotive,promo,259.34,208.06,7.2,3.6,93,472,17,7,42,3.22,25.55,0,272.49
Produs Electronics 816,Electronics,promo,103.65,96.19,25.0,3.3,436,982,18,9,25,2.07,30.4,0,139.87
Produs Garden 817,Garden,offseason,92.18,60.06,21.3,4.3,311,481,26,17,15,4.72,48.72,0,121.47
Produs Sports 818,Sports,offseason,154.9,99.25,11.1,4.0,92,2563,127,80,82,4.43,43.04,0,172.14
Produs Fashion 819,Fashion,normal,174.83,93.35,10.2,3.4,72,3820,148,96,30,3.29,52.05,1,189.94
Produs Health 820,Health,normal,88.81,39.95,1.5,4.4,193,101,0,0,39,0.89,55.69,0,88.61
Produs Fashion 821,Fashion,promo,184.99,99.63,14.5,4.2,68,2671,27,10,26,1.18,53.95,1,223.19
Produs Fashion 822,Fashion,offseason,213.92,120.08,6.1,4.0,88,3870,198,104,36,4.75,47.29,1,226.13
Produs Home 823,Home,normal,94.53,63.15,9.1,3.7,25,2512,173,82,13,6.99,39.27,1,100.95
Produs Beauty 824,Beauty,holiday,99.21,56.36,5.7,4.4,24,30,0,0,81,1.9,46.43,0,101.44
Produs Beauty 825,Beauty,holiday,72.27,37.43,12.5,3.5,390,2612,98,48,26,3.29,54.68,1,88.47
Produs Fashion 826,Fashion,holiday,76.44,47.55,3.8,3.4,19,548,10,5,40,1.97,40.16,0,78.51
Produs Health 827,Health,promo,137.51,77.5,0.8,3.1,106,791,8,5,30,0.86,44.09,0,139.92
Produs Automotive 828,Automotive,promo,91.65,59.61,4.6,4.9,38,3159,64,44,12,2.35,37.95,1,102.32
Produs Fashion 829,Fashion,promo,136.7,92.02,5.7,3.4,93,1924,53,22,40,2.49,36.52,0,146.73
Produs Fashion 830,Fashion,offseason,69.46,37.77,5.4,3.4,130,4935,152,99,60,3.66,48.56,1,77.63
Produs Garden 831,Garden,offseason,178.31,130.97,10.2,3.9,59,1650,84,46,12,5.6,34.04,0,192.64
Produs Health 832,Health,holiday,97.44,74.75,18.9,4.0,335,1781,65,24,57,3.66,37.79,1,122.17
Produs Automotive 833,Automotive,holiday,192.93,135.96,4.6,4.2,35,1741,16,8,4,1.0,32.77,0,205.26
Produs Garden 834,Garden,promo,67.48,50.48,9.9,4.1,162,985,42,20,36,4.28,32.61,0,75.76
Produs Sports 835,Sports,holiday,164.83,94.83,7.6,4.3,65,3418,153,71,20,4.57,46.84,1,190.6
Produs Toys 836,Toys,normal,116.47,89.15,20.1,4.8,2,3046,83,48,13,3.1,38.84,1,149.03
Produs Toys 837,Toys,holiday,72.36,46.54,19.9,3.6,48,193,4,2,113,2.41,48.48,0,83.31
Produs Electronics 838,Electronics,offseason,323.88,235.42,12.2,3.9,70,267,15,6,18,5.51,36.18,0,353.29
Produs Beauty 839,Beauty,normal,44.02,19.94,10.3,4.2,53,557,19,7,34,4.2,59.38,0,46.79
Produs Health 840,Health,holiday,105.31,80.14,19.2,4.5,201,7878,134,81,55,1.81,38.51,1,140.82
Produs Sports 841,Sports,offseason,108.04,96.51,24.3,4.0,404,377,22,10,65,5.54,32.38,0,131.85
Produs Electronics 842,Electronics,holiday,86.11,63.59,0.8,3.1,234,1693,59,32,53,3.43,26.74,0,83.85
Produs Fashion 843,Fashion,promo,201.16,90.17,2.2,4.6,743,3484,97,45,12,2.54,56.16,1,215.86
Produs Beauty 844,Beauty,holiday,20.74,9.93,8.5,3.2,257,1415,35,18,0,3.1,56.2,0,22.5
Produs Sports 845,Sports,holiday,154.65,108.63,5.6,3.8,91,2737,70,37,17,2.31,33.69,1,162.2
Produs Beauty 846,Beauty,promo,91.83,52.74,4.5,4.7,279,3779,147,100,15,3.83,45.15,1,103.05
Produs Sports 847,Sports,promo,115.06,77.37,6.8,4.3,65,369,13,6,71,3.09,37.33,0,122.89
Produs Sports 848,Sports,offseason,38.94,25.56,5.0,4.1,19,8704,131,69,29,1.51,37.65,0,41.49
Produs Automotive 849,Automotive,holiday,221.25,166.55,4.8,4.9,66,736,20,9,0,3.25,28.34,0,220.78
Produs Fashion 850,Fashion,holiday,107.54,62.57,1.6,4.7,39,3020,88,54,83,2.77,42.75,1,115.72
Produs Books 851,Books,normal,17.05,14.65,14.1,4.2,178,3591,122,75,80,4.13,26.22,1,19.7
Produs Toys 852,Toys,promo,62.29,46.99,13.0,4.5,165,1135,75,46,1,5.72,34.37,0,73.52
Produs Books 853,Books,holiday,53.21,42.44,0.6,4.6,199,389,14,7,57,3.8,20.71,0,52.2
Produs Fashion 854,Fashion,normal,95.51,63.42,10.5,5.0,93,1340,79,37,77,5.1,40.57,0,106.55
Produs Automotive 855,Automotive,offseason,250.78,198.82,8.1,2.8,165,253,6,3,33,2.56,27.14,0,269.1
Produs Beauty 856,Beauty,promo,69.14,34.88,17.9,3.9,43,721,43,18,49,5.53,58.58,0,83.49
Produs Health 857,Health,holiday,126.57,87.37,10.6,3.7,409,87,1,0,1,1.83,38.29,0,140.64
Produs Beauty 858,Beauty,normal,92.54,55.51,9.9,4.6,292,519,21,14,20,3.63,45.95,0,102.32
Produs Home 859,Home,offseason,52.33,40.82,19.2,4.4,334,736,23,11,31,2.87,36.98,0,60.5
Produs Books 860,Books,holiday,12.1,10.22,16.1,4.3,38,1528,42,21,14,3.33,29.14,1,14.22
Produs Toys 861,Toys,normal,138.76,66.49,4.6,4.4,107,382,2,1,8,0.67,54.29,0,135.84
Produs Beauty 862,Beauty,normal,93.29,50.44,5.8,4.6,70,263,6,3,38,2.9,49.07,0,92.7
Produs Beauty 863,Beauty,offseason,79.89,55.76,24.0,4.4,346,8939,320,155,5,3.1,46.96,1,107.33
Produs Home 864,Home,holiday,84.63,51.31,14.8,4.8,22,1639,64,44,149,4.53,48.34,1,101.26
Produs Beauty 865,Beauty,offseason,44.34,30.92,20.9,5.0,48,5578,244,145,115,5.15,44.83,1,58.5
Produs Home 866,Home,holiday,22.21,16.16,7.8,4.6,95,2700,118,41,54,4.77,32.93,1,25.11
Produs Books 867,Books,holiday,60.48,60.39,20.9,4.0,83,461,28,18,26,5.61,21.02,0,78.11
Produs Fashion 868,Fashion,holiday,72.78,36.35,12.4,3.8,8,277,6,3,52,1.98,56.25,0,79.55
Produs Books 869,Books,offseason,51.64,41.79,8.9,4.8,99,2203,72,34,12,3.69,26.28,0,56.48
Produs Automotive 870,Automotive,offseason,161.43,117.42,16.7,4.2,273,2572,79,26,136,3.69,39.41,0,201.02
Produs Garden 871,Garden,offseason,164.17,90.81,1.0,3.7,92,4976,89,40,65,2.21,45.24,0,158.96
Produs Electronics 872,Electronics,promo,243.04,259.32,23.6,4.9,242,3264,203,81,68,5.46,18.48,1,354.34
Produs Sports 873,Sports,holiday,150.41,120.58,11.5,4.4,236,587,22,11,15,3.43,29.05,0,172.1
Produs Beauty 874,Beauty,offseason,88.79,54.22,15.4,3.9,38,4410,24,14,40,0.65,48.34,0,105.94
Produs Beauty 875,Beauty,offseason,31.85,13.98,12.1,3.7,67,433,18,5,8,4.88,61.4,0,36.03
Produs Health 876,Health,holiday,127.11,72.71,9.9,3.9,14,2278,67,30,12,2.56,48.46,1,137.85
Produs Toys 877,Toys,promo,106.06,93.95,23.9,4.4,52,2110,10,6,23,0.62,32.59,0,140.47
Produs Home 878,Home,normal,156.76,102.23,24.6,4.0,156,608,22,8,0,4.57,50.83,0,192.3
Produs Toys 879,Toys,promo,60.41,34.48,14.5,3.3,580,3433,46,31,65,1.25,51.2,1,74.33
Produs Sports 880,Sports,holiday,165.91,141.06,17.3,3.6,181,3968,246,83,99,6.03,29.69,1,214.32
Produs Health 881,Health,holiday,34.67,16.3,5.7,3.5,562,4302,206,83,72,5.4,55.66,1,39.63
Produs Garden 882,Garden,offseason,26.8,12.97,0.6,3.3,339,1618,73,23,17,4.19,51.9,0,26.6
Produs Home 883,Home,normal,239.92,168.09,17.6,5.0,36,1504,29,16,16,1.95,42.27,0,276.17
Produs Toys 884,Toys,promo,101.04,53.89,14.7,4.9,8,3510,17,10,2,0.47,54.5,0,119.69
Produs Beauty 885,Beauty,promo,33.31,18.49,19.0,4.1,157,1707,63,21,116,4.36,55.04,0,39.7
Produs Toys 886,Toys,offseason,52.38,38.65,21.2,4.2,29,1406,59,19,12,4.68,41.86,0,66.72
Produs Fashion 887,Fashion,holiday,121.1,81.06,6.4,4.1,122,2869,75,22,168,3.13,37.35,1,134.4
Produs Home 888,Home,normal,293.55,180.8,9.4,4.3,151,1723,67,46,4,3.89,44.2,0,314.76
Produs Books 889,Books,promo,56.47,45.13,22.0,4.1,256,77,2,1,126,4.26,37.66,0,70.67
Produs Home 890,Home,holiday,51.93,32.25,14.8,4.1,32,421,18,7,24,4.1,47.08,0,56.83
Produs Automotive 891,Automotive,normal,197.5,161.47,6.2,4.8,101,3950,208,67,161,6.46,23.31,1,216.28
Produs Garden 892,Garden,normal,143.66,119.98,16.4,4.5,181,1843,50,27,13,2.49,30.18,1,179.0
Produs Home 893,Home,offseason,152.26,105.16,12.3,3.6,99,1230,43,26,13,3.57,39.43,0,166.94
Produs Electronics 894,Electronics,promo,407.44,362.35,14.7,4.5,153,3360,81,25,14,2.4,24.14,1,525.11
Produs Electronics 895,Electronics,offseason,372.63,279.06,4.5,3.5,362,259,15,9,49,5.19,28.48,0,383.22
Produs Sports 896,Sports,normal,30.77,25.25,22.5,4.3,352,2694,136,58,7,4.33,36.39,1,41.24
Produs Toys 897,Toys,normal,30.46,19.84,15.5,3.9,171,3096,247,104,112,6.89,44.97,1,35.17
Produs Toys 898,Toys,normal,66.16,42.44,7.0,4.7,100,2291,45,20,47,1.89,40.34,0,71.36
Produs Sports 899,Sports,normal,179.74,161.3,22.6,3.7,59,7183,231,132,106,3.57,30.54,1,241.38
Produs Home 900,Home,holiday,48.62,41.03,20.6,4.9,121,1722,15,10,25,1.05,32.99,1,62.61
Produs Toys 901,Toys,promo,25.84,13.84,1.7,3.6,201,1458,65,36,28,4.07,47.34,1,26.56
Produs Books 902,Books,normal,45.59,28.04,8.5,5.0,64,559,14,6,6,2.46,43.71,0,49.14
Produs Beauty 903,Beauty,promo,49.97,21.1,0.6,3.1,138,848,33,17,15,4.55,58.03,0,50.18
Produs Health 904,Health,normal,91.25,72.27,23.3,3.8,16,665,26,13,67,4.11,39.25,0,113.85
Produs Sports 905,Sports,normal,174.45,146.5,16.2,5.0,155,829,14,6,55,1.62,29.63,0,195.55
Produs Books 906,Books,offseason,38.58,25.05,11.4,4.3,50,3282,107,48,11,2.77,42.46,0,45.31
Produs Toys 907,Toys,holiday,28.31,20.15,17.8,3.7,77,4583,138,93,21,3.22,41.5,1,36.47
Produs Automotive 908,Automotive,offseason,129.4,110.53,16.6,4.4,42,3117,155,105,52,4.87,28.76,0,151.21
Produs Automotive 909,Automotive,offseason,118.34,94.28,9.8,3.4,90,5876,267,173,21,3.85,28.14,1,135.5
Produs Beauty 910,Beauty,offseason,86.64,55.8,23.6,4.3,125,472,20,11,58,3.65,50.79,0,105.84
Produs Sports 911,Sports,promo,124.24,97.88,21.7,4.8,57,6758,426,253,83,6.04,38.31,1,159.49
Produs Fashion 912,Fashion,normal,31.5,13.86,1.3,4.3,348,567,11,4,73,2.46,56.56,0,32.84
Produs Garden 913,Garden,offseason,95.48,56.7,7.2,4.5,346,412,18,9,38,4.65,44.89,0,104.29
Produs Automotive 914,Automotive,holiday,163.52,129.62,24.4,3.9,88,3523,83,37,19,2.78,40.07,1,224.34
Produs Books 915,Books,offseason,39.58,38.43,22.3,5.0,125,5420,183,119,2,2.83,24.55,0,52.01
Produs Toys 916,Toys,promo,22.78,13.98,24.0,4.2,51,3934,241,106,164,5.51,53.38,1,31.19
Produs Garden 917,Garden,offseason,185.96,125.49,6.3,2.6,351,59,1,0,41,3.14,36.77,0,186.04
Produs Toys 918,Toys,holiday,16.57,10.49,19.0,3.8,120,350,15,8,53,3.66,48.75,0,20.43
Produs Automotive 919,Automotive,offseason,125.7,86.44,6.8,3.7,107,12649,553,322,5,4.51,35.91,1,139.09
Produs Sports 920,Sports,offseason,103.48,81.77,11.2,3.6,366,4941,63,19,5,1.11,29.83,0,113.13
Produs Beauty 921,Beauty,holiday,20.53,9.97,5.9,4.2,192,3334,118,78,2,3.81,54.3,1,21.54
Produs Automotive 922,Automotive,holiday,234.99,183.83,3.0,3.9,205,211,4,2,0,2.54,24.12,0,229.63
Produs Electronics 923,Electronics,normal,230.86,168.51,4.8,4.3,102,3062,40,23,35,1.35,30.51,1,237.29
Produs Health 924,Health,normal,30.57,13.3,6.6,4.5,31,331,7,2,75,2.14,59.35,0,31.02
Produs Toys 925,Toys,holiday,89.38,55.16,7.1,3.2,199,1890,95,65,11,4.75,42.67,1,97.95
Produs Fashion 926,Fashion,offseason,89.34,49.35,15.5,4.1,216,3147,74,44,3,2.94,53.32,0,99.65
Produs Books 927,Books,normal,45.85,30.81,8.0,3.4,69,892,50,25,54,5.63,38.18,0,49.81
Produs Books 928,Books,offseason,32.72,29.13,23.1,4.8,93,5733,11,3,55,0.2,31.54,0,41.83
Produs Beauty 929,Beauty,holiday,53.01,21.05,3.7,3.6,255,5894,238,161,9,4.7,61.76,1,59.82
Produs Home 930,Home,holiday,91.34,54.78,4.0,4.5,48,526,5,2,22,0.92,42.43,0,91.14
Produs Electronics 931,Electronics,holiday,444.61,390.23,8.1,3.6,40,7176,296,138,0,3.68,19.34,1,506.85
Produs Home 932,Home,offseason,219.1,138.88,13.2,3.7,174,342,16,7,0,4.72,44.98,0,245.11
Produs Books 933,Books,promo,62.06,42.34,15.8,4.5,49,1041,29,16,92,2.51,42.56,0,72.77
Produs Garden 934,Garden,promo,116.36,83.76,20.3,4.0,331,940,58,26,6,5.43,42.63,1,152.03
Produs Automotive 935,Automotive,holiday,45.76,33.75,4.8,4.1,67,3759,42,16,0,1.15,29.79,0,49.45
Produs Health 936,Health,promo,127.8,59.73,12.1,3.6,33,4161,231,154,37,6.36,58.92,1,153.5
Produs Sports 937,Sports,holiday,87.18,67.34,17.5,4.3,34,877,17,9,21,2.49,36.27,0,107.63
Produs Beauty 938,Beauty,offseason,68.77,37.23,14.8,4.0,47,807,24,11,7,2.78,53.88,0,83.17
Produs Fashion 939,Fashion,normal,200.58,113.08,9.2,3.7,119,2478,149,68,15,5.7,48.81,1,223.74
Produs Home 940,Home,holiday,183.01,131.07,22.1,4.7,21,165,5,1,29,4.32,44.21,0,230.05
Produs Books 941,Books,holiday,27.34,23.46,18.8,3.4,111,2566,88,31,69,3.59,30.32,1,33.53
Produs Fashion 942,Fashion,holiday,66.34,50.89,17.1,4.7,179,1628,50,30,119,3.83,36.41,1,81.6
Produs Books 943,Books,holiday,33.45,23.82,9.9,3.6,3,3135,103,33,8,3.42,35.86,1,38.43
Produs Automotive 944,Automotive,normal,96.98,94.98,22.0,3.1,75,412,11,6,38,3.34,23.61,0,123.14
Produs Toys 945,Toys,promo,119.53,65.32,6.4,4.4,74,2627,167,79,137,6.52,48.85,1,126.49
Produs Sports 946,Sports,promo,59.97,39.12,2.7,4.3,213,3326,94,54,9,3.08,36.52,1,62.5
Produs Automotive 947,Automotive,normal,159.22,150.4,22.3,4.2,3,31,0,0,9,2.63,26.6,0,195.39
Produs Books 948,Books,offseason,75.67,51.25,4.1,3.4,50,10815,444,177,38,3.6,35.05,1,76.85
Produs Garden 949,Garden,normal,133.14,85.54,23.3,3.8,125,434,17,6,8,4.89,50.72,0,172.78
Produs Fashion 950,Fashion,holiday,98.33,78.52,19.3,4.3,45,6652,210,130,9,2.74,35.56,1,126.73
Produs Electronics 951,Electronics,offseason,125.57,122.27,18.1,3.0,178,797,28,14,2,4.37,20.25,0,143.27
Produs Toys 952,Toys,offseason,15.08,10.96,20.8,2.9,128,112,5,3,13,5.61,42.44,0,18.87
Produs Home 953,Home,normal,262.14,126.31,4.7,3.7,822,112,1,0,32,0.96,54.08,0,253.68
Produs Electronics 954,Electronics,holiday,206.34,163.12,11.4,3.7,161,1160,43,15,53,3.65,29.96,0,236.48
Produs Toys 955,Toys,holiday,72.41,47.89,7.3,4.3,102,1953,22,10,36,1.2,38.69,1,77.49
Produs Books 956,Books,offseason,34.49,27.64,17.0,4.4,375,10144,228,99,40,2.62,33.48,1,39.78
Produs Garden 957,Garden,promo,155.46,103.75,20.6,3.3,318,11642,614,311,34,5.19,47.01,1,216.51
Produs Beauty 958,Beauty,promo,76.23,35.0,12.2,3.6,70,6908,421,264,9,6.04,59.69,1,93.33
Produs Fashion 959,Fashion,promo,135.18,91.7,20.9,4.3,0,3944,114,39,6,2.91,46.34,1,182.44
Produs Sports 960,Sports,offseason,103.68,83.19,16.0,4.3,2,876,24,15,45,3.21,32.6,0,121.28
Produs Fashion 961,Fashion,offseason,237.16,115.27,0.3,3.6,70,905,25,16,40,2.71,51.54,0,222.05
Produs Electronics 962,Electronics,offseason,176.76,174.36,17.5,4.3,116,257,6,3,17,2.37,18.62,0,205.37
Produs Electronics 963,Electronics,offseason,74.49,69.53,22.6,3.4,12,3220,132,88,24,3.8,27.75,0,93.22
Produs Automotive 964,Automotive,normal,96.56,78.45,17.6,3.3,14,2878,123,70,1,4.12,33.05,0,116.08
Produs Beauty 965,Beauty,offseason,35.08,20.11,20.0,3.2,43,312,9,3,24,2.96,54.13,0,41.69
Produs Garden 966,Garden,holiday,71.21,52.16,24.2,4.5,42,1224,57,32,7,4.3,44.48,1,96.05
Produs Sports 967,Sports,holiday,268.63,181.21,12.3,3.8,443,308,2,0,154,0.84,40.84,0,302.37
Produs Automotive 968,Automotive,holiday,201.2,169.66,17.7,4.4,117,1355,29,13,48,2.64,30.6,1,246.81
Produs Books 969,Books,offseason,29.44,21.72,22.7,4.2,26,2112,66,31,226,2.96,42.98,0,37.85
Produs Fashion 970,Fashion,promo,156.49,98.16,1.0,4.1,205,1238,55,27,0,4.71,37.9,0,155.54
Produs Health 971,Health,normal,63.06,30.64,8.0,4.0,36,2726,141,54,7,5.22,55.29,1,68.13
Produs Fashion 972,Fashion,promo,170.4,76.98,3.6,4.0,688,188,2,1,21,1.79,56.45,0,164.05
Produs Home 973,Home,offseason,33.38,25.27,21.8,4.0,167,6676,201,109,80,3.15,40.8,1,42.46
Produs Garden 974,Garden,offseason,129.27,72.47,3.9,3.7,222,1417,32,10,3,2.78,46.13,0,129.18
Produs Electronics 975,Electronics,holiday,164.47,150.09,16.3,4.5,271,2324,91,58,25,3.39,23.62,1,203.21
Produs Garden 976,Garden,promo,89.41,71.1,12.2,3.7,149,724,32,13,13,5.01,30.18,0,99.87
Produs Books 977,Books,promo,45.8,35.37,7.7,4.3,79,766,14,7,58,1.89,28.71,0,48.17
Produs Home 978,Home,promo,242.87,171.36,13.6,3.6,130,476,30,19,40,5.92,39.04,0,292.61
Produs Books 979,Books,promo,65.33,43.09,9.4,3.4,404,1536,71,28,2,5.0,40.24,1,74.0
Produs Health 980,Health,offseason,15.72,12.37,23.4,4.5,704,2190,55,28,8,2.78,39.72,0,20.71
Produs Automotive 981,Automotive,normal,153.86,111.45,3.0,4.2,242,140,7,2,31,4.79,29.74,0,163.22
Produs Toys 982,Toys,promo,20.08,10.91,1.5,5.0,190,835,46,17,37,6.15,46.51,1,19.17
Produs Books 983,Books,promo,18.99,13.64,7.9,4.2,261,567,36,24,3,6.17,33.84,0,18.63
Produs Home 984,Home,offseason,60.46,42.99,10.2,4.0,333,6241,315,94,44,5.55,36.15,1,69.42
Produs Toys 985,Toys,offseason,42.93,29.57,2.0,3.9,201,1213,24,10,31,1.92,32.51,0,45.2
Produs Automotive 986,Automotive,offseason,223.49,164.2,8.1,3.3,273,2332,77,44,36,3.51,32.48,0,233.71
Produs Toys 987,Toys,promo,41.36,27.17,6.9,3.8,71,5253,23,13,33,0.37,38.83,0,44.07
Produs Electronics 988,Electronics,offseason,318.5,239.47,0.5,3.5,82,1437,55,22,97,4.13,25.19,0,316.52
Produs Sports 989,Sports,promo,272.63,151.34,9.1,4.0,371,242,7,2,3,2.85,49.54,0,290.9
Produs Home 990,Home,promo,266.94,218.26,22.9,4.1,110,659,26,8,42,4.79,36.96,0,317.76
Produs Beauty 991,Beauty,holiday,56.28,26.44,22.4,4.1,32,3116,160,54,67,6.21,63.55,1,77.43
Produs Automotive 992,Automotive,holiday,172.78,168.84,23.3,4.0,290,3634,135,41,28,3.7,25.05,1,239.58
Produs Electronics 993,Electronics,offseason,114.2,115.44,21.5,4.3,49,705,11,3,11,1.81,20.65,0,132.87
Produs Fashion 994,Fashion,offseason,51.99,34.63,13.2,3.2,119,3238,136,66,41,3.66,42.18,0,58.71
Produs Garden 995,Garden,offseason,138.34,91.57,10.2,3.4,245,579,20,8,14,3.47,40.56,0,145.69
Produs Toys 996,Toys,holiday,62.17,40.66,5.0,4.5,152,397,16,9,55,3.66,37.86,0,63.54
Produs Sports 997,Sports,promo,26.98,20.31,11.0,3.4,93,5350,191,89,2,3.64,33.0,1,30.72
Produs Fashion 998,Fashion,holiday,86.8,63.15,22.7,4.8,12,870,14,7,1,1.52,43.76,0,109.81
Produs Fashion 999,Fashion,holiday,89.85,58.91,12.7,4.2,204,2061,60,30,39,3.55,42.76,1,107.78
Produs Books 1000,Books,offseason,31.13,24.63,9.2,4.2,322,3552,55,27,43,1.61,28.16,0,33.28
Produs Health 1001,Health,normal,142.75,109.97,20.6,3.6,197,2521,120,72,8,5.58,38.83,1,179.37
Produs Sports 1002,Sports,normal,38.0,28.19,3.3,3.7,241,5367,207,109,185,3.98,28.27,1,44.29
Produs Beauty 1003,Beauty,normal,42.15,20.55,1.7,2.6,388,1700,61,29,91,4.34,52.07,0,39.97
Produs Automotive 1004,Automotive,holiday,144.0,124.56,22.5,4.0,59,422,6,3,29,1.38,32.96,0,188.44
Produs Sports 1005,Sports,promo,270.14,181.01,6.8,4.4,540,11864,294,157,64,3.03,37.55,1,323.57
Produs Health 1006,Health,promo,118.05,92.34,23.9,3.7,15,1953,68,40,21,3.69,40.47,0,156.64
Produs Beauty 1007,Beauty,offseason,92.36,49.77,19.4,4.2,78,1414,44,30,16,3.27,56.57,0,113.62
Produs Automotive 1008,Automotive,offseason,265.37,196.56,5.4,3.7,41,4080,151,81,36,3.97,29.93,0,276.77
Produs Fashion 1009,Fashion,normal,48.9,34.21,22.4,4.8,179,411,8,3,1,2.43,45.71,0,64.34
Produs Books 1010,Books,normal,11.77,7.4,8.3,4.6,665,2382,106,39,7,3.98,42.32,1,13.7
Produs Fashion 1011,Fashion,holiday,139.35,79.64,13.2,4.2,10,2329,51,28,48,2.43,50.39,1,167.69
Produs Home 1012,Home,normal,162.54,104.29,4.1,3.5,454,914,36,22,21,3.78,38.47,0,165.72
Produs Home 1013,Home,holiday,82.41,58.48,17.6,4.2,312,399,17,5,51,3.62,41.53,1,103.02
Produs Books 1014,Books,promo,58.43,41.68,3.1,3.3,120,2214,17,6,25,0.68,30.88,0,60.18
Produs Sports 1015,Sports,holiday,36.57,33.14,21.3,4.0,103,2684,114,66,15,4.46,28.69,1,49.25
Produs Toys 1016,Toys,holiday,113.02,73.92,21.7,4.4,26,721,37,24,16,6.27,48.79,1,145.53
Produs Health 1017,Health,offseason,141.97,73.27,18.0,3.3,149,3106,165,74,0,4.77,57.68,0,171.46
Produs Health 1018,Health,promo,44.9,30.48,16.5,3.9,113,5508,114,62,37,1.73,43.31,1,56.01
Produs Electronics 1019,Electronics,offseason,449.54,340.33,7.3,4.6,50,45,1,0,2,3.47,29.82,0,447.57
Produs Automotive 1020,Automotive,promo,263.59,171.17,5.6,3.9,286,4242,301,160,20,6.65,38.7,1,298.36
Produs Sports 1021,Sports,offseason,101.44,73.87,1.2,4.8,114,5743,320,98,81,4.74,28.05,1,98.43
Produs Home 1022,Home,normal,180.75,115.84,13.4,3.2,289,6496,165,97,7,2.66,44.5,1,213.9
Produs Toys 1023,Toys,normal,52.25,37.92,12.0,4.9,196,462,23,9,7,5.53,36.14,0,59.39
Produs Books 1024,Books,normal,47.73,46.26,24.9,3.7,11,422,5,3,122,1.5,27.22,0,62.85
Produs Home 1025,Home,promo,61.19,37.04,3.0,4.1,93,325,3,1,3,0.9,41.28,0,58.86
Produs Toys 1026,Toys,promo,88.18,56.49,0.5,4.8,236,225,3,1,6,2.1,36.26,0,84.68
Produs Automotive 1027,Automotive,holiday,30.51,23.18,19.8,3.2,224,1287,51,27,26,4.62,39.07,1,37.28
Produs Sports 1028,Sports,offseason,189.47,127.68,8.1,3.3,5,520,31,9,43,5.86,38.07,0,201.33
Produs Electronics 1029,Electronics,holiday,348.77,354.96,21.1,3.5,18,364,8,5,51,2.42,19.7,0,441.31
Produs Electronics 1030,Electronics,holiday,163.91,130.65,10.6,4.2,419,2732,120,69,67,3.67,28.74,1,194.02
Produs Toys 1031,Toys,normal,128.31,89.32,12.5,4.0,3,839,14,4,5,1.97,39.09,0,139.9
Produs Fashion 1032,Fashion,holiday,44.39,22.32,19.2,3.9,128,2182,76,24,14,4.2,59.37,1,53.72
Produs Fashion 1033,Fashion,holiday,223.66,111.37,2.5,3.0,56,5258,240,103,54,5.47,51.45,1,244.7
Produs Garden 1034,Garden,normal,30.69,21.05,11.7,3.6,46,2234,113,69,3,4.94,39.45,0,35.93
Produs Garden 1035,Garden,normal,124.47,94.3,5.5,3.9,473,4984,131,91,0,2.62,28.4,1,132.44
Produs Sports 1036,Sports,offseason,192.2,143.47,5.3,3.8,112,1055,26,13,96,2.65,29.31,0,200.45
Produs Fashion 1037,Fashion,offseason,86.1,42.94,0.0,4.5,206,2938,145,90,34,4.82,50.13,1,87.02
Produs Electronics 1038,Electronics,promo,407.86,334.98,18.3,3.9,36,8009,228,127,50,2.77,32.9,1,515.52
Produs Fashion 1039,Fashion,holiday,61.74,46.28,18.1,4.2,58,1323,7,4,23,0.55,38.61,0,77.84
Produs Sports 1040,Sports,offseason,109.73,73.89,21.5,3.7,446,1438,26,12,6,2.02,47.14,0,129.57
Produs Automotive 1041,Automotive,holiday,78.92,64.45,7.2,3.9,219,1602,78,25,24,4.42,24.21,1,88.4
Produs Sports 1042,Sports,holiday,277.88,151.3,6.7,3.5,21,3796,148,67,172,3.7,49.2,1,303.45
Produs Beauty 1043,Beauty,normal,40.35,21.87,6.4,4.8,108,928,46,14,126,5.24,49.27,0,44.91
Produs Home 1044,Home,promo,265.14,164.1,13.9,3.3,113,505,8,4,6,1.74,46.71,0,305.26
Produs Health 1045,Health,offseason,105.55,72.02,4.8,4.3,216,723,34,18,39,4.31,35.04,0,99.88
Produs Garden 1046,Garden,holiday,31.17,19.89,4.9,4.0,61,1593,56,24,10,3.96,39.32,1,33.04
Produs Fashion 1047,Fashion,normal,138.43,95.04,10.3,4.5,114,3354,111,77,31,3.96,38.42,1,153.87
Produs Sports 1048,Sports,promo,145.1,103.61,0.3,3.8,49,2220,67,25,16,3.1,28.81,0,147.98
Produs Home 1049,Home,promo,31.81,19.41,13.5,3.6,0,4613,81,31,21,1.57,47.22,1,37.52
Produs Garden 1050,Garden,promo,166.18,121.59,10.7,3.7,90,2976,112,37,39,4.65,34.66,1,192.06
Produs Beauty 1051,Beauty,promo,37.81,23.31,4.5,4.2,52,158,4,2,1,2.62,41.13,0,35.98
Produs Books 1052,Books,holiday,56.66,47.35,17.2,4.1,71,469,10,3,74,2.74,30.8,0,67.4
Produs Beauty 1053,Beauty,promo,20.22,11.26,10.9,3.9,187,3126,95,48,92,2.64,50.38,1,22.14
Produs Garden 1054,Garden,holiday,134.41,122.1,24.9,3.4,460,1382,44,27,13,3.1,31.78,1,185.2
Produs Electronics 1055,Electronics,promo,216.88,186.55,13.4,4.9,18,2964,73,28,48,2.15,25.51,1,253.35
Produs Automotive 1056,Automotive,offseason,224.82,182.92,18.4,4.4,116,659,27,17,28,4.86,33.61,0,253.84
Produs Sports 1057,Sports,normal,126.42,81.36,6.5,3.9,29,1395,66,25,64,4.21,39.83,0,139.26
Produs Health 1058,Health,promo,98.38,75.83,18.0,3.2,58,449,11,7,1,2.79,36.79,0,108.58
Produs Electronics 1059,Electronics,normal,93.72,90.61,18.6,3.9,174,1638,55,26,89,3.03,21.3,0,112.94
Produs Garden 1060,Garden,normal,136.51,71.48,7.8,3.6,105,855,8,2,31,1.14,51.72,0,150.09
Produs Health 1061,Health,offseason,53.29,34.25,19.2,4.5,51,2429,114,51,1,5.77,48.06,0,65.12
Produs Garden 1062,Garden,normal,14.57,10.2,6.1,3.7,67,1813,84,38,33,4.63,34.27,0,15.7
Produs Home 1063,Home,promo,391.69,240.88,1.2,3.9,128,3269,145,45,25,4.35,39.24,1,413.48
Produs Garden 1064,Garden,offseason,128.83,68.71,0.4,3.5,418,6463,112,36,12,2.0,46.88,1,130.59
Produs Toys 1065,Toys,holiday,109.96,85.43,13.9,4.0,147,748,29,10,118,3.47,33.11,0,125.48
Produs Health 1066,Health,promo,69.87,36.94,13.2,4.4,25,169,7,3,13,3.96,54.1,0,81.63
Produs Home 1067,Home,offseason,103.8,92.46,22.0,4.0,192,4661,122,41,129,2.71,30.52,0,137.32
Produs Electronics 1068,Electronics,offseason,182.84,126.27,9.7,3.5,212,5029,225,103,10,5.48,37.64,1,199.57
Produs Beauty 1069,Beauty,holiday,28.74,13.48,18.2,3.7,55,3926,91,45,128,2.03,61.64,1,35.29
Produs Electronics 1070,Electronics,promo,333.15,288.77,13.9,3.7,605,1006,41,19,71,3.49,25.37,1,396.8
Produs Electronics 1071,Electronics,holiday,289.99,297.91,21.3,4.1,35,3620,232,146,11,6.83,19.15,1,404.28
Produs Toys 1072,Toys,promo,121.06,61.77,2.3,3.9,94,5271,85,27,148,1.9,50.15,1,128.05
Produs Sports 1073,Sports,offseason,87.72,60.22,8.1,4.2,289,3212,249,166,37,6.57,36.91,1,96.5
Produs Books 1074,Books,offseason,13.09,9.33,21.5,4.1,111,21,0,0,1,1.15,44.02,0,15.23
Produs Books 1075,Books,offseason,15.18,13.7,14.9,4.3,71,1597,51,20,13,2.99,23.2,0,17.38
Produs Toys 1076,Toys,normal,120.97,71.08,9.8,3.6,325,198,5,3,81,2.62,47.0,0,126.58
Produs Fashion 1077,Fashion,holiday,70.21,43.89,11.9,4.3,211,1307,20,11,113,1.8,44.93,0,78.17
Produs Fashion 1078,Fashion,promo,115.71,73.2,10.5,5.0,178,4867,241,122,20,5.41,43.38,1,129.72
Produs Electronics 1079,Electronics,holiday,160.57,113.8,10.7,4.8,109,252,8,3,74,2.98,36.71,0,175.18
Produs Electronics 1080,Electronics,promo,196.53,171.6,15.2,4.4,73,2887,28,18,9,1.19,25.96,1,231.52
Produs Home 1081,Home,holiday,135.49,76.93,12.7,4.3,99,4700,241,126,93,5.29,50.43,1,154.64
Produs Home 1082,Home,holiday,286.27,210.33,6.1,4.0,112,1482,44,18,25,3.41,31.01,0,295.21
Produs Health 1083,Health,promo,71.47,50.86,16.1,3.8,16,1157,37,11,69,2.99,40.3,0,81.86
Produs Garden 1084,Garden,normal,156.25,106.58,4.5,5.0,722,2186,75,45,48,3.99,34.86,1,160.63
Produs Garden 1085,Garden,offseason,139.29,98.91,20.8,3.5,205,2816,47,30,3,1.53,43.76,0,171.05
Produs Books 1086,Books,offseason,52.55,35.9,3.7,3.6,221,5458,168,103,77,3.0,34.22,1,54.58
Produs Fashion 1087,Fashion,promo,202.6,96.19,5.6,4.2,84,2074,23,7,38,0.95,55.18,1,217.08
Produs Beauty 1088,Beauty,offseason,73.68,39.94,10.4,4.6,28,608,13,9,10,2.15,51.43,0,77.55
Produs Garden 1089,Garden,holiday,117.7,68.24,13.0,3.6,2,4270,73,21,16,1.89,49.56,1,140.38
Produs Beauty 1090,Beauty,offseason,40.06,23.52,21.2,4.4,66,2821,140,56,61,5.1,53.73,0,51.69
Produs Toys 1091,Toys,normal,120.12,90.2,14.0,4.1,266,5348,169,105,15,2.86,35.42,1,151.33
Produs Fashion 1092,Fashion,holiday,193.98,98.22,10.0,4.4,222,4738,220,145,77,5.11,54.43,1,229.66
Produs Sports 1093,Sports,normal,24.16,14.44,10.9,3.2,9,141,8,4,28,5.48,46.75,0,26.9
Produs Garden 1094,Garden,holiday,166.36,87.43,0.6,4.5,8,2612,65,35,3,3.01,47.76,1,166.99
Produs Toys 1095,Toys,promo,102.83,74.88,21.8,4.7,147,129,3,1,12,2.83,43.05,0,127.16
Produs Garden 1096,Garden,holiday,66.69,61.63,23.6,4.6,215,1326,21,7,0,1.91,29.4,0,82.68
Produs Automotive 1097,Automotive,offseason,210.77,166.21,24.5,2.9,10,3759,64,43,44,2.11,40.46,0,295.3
Produs Sports 1098,Sports,promo,166.82,120.83,3.3,4.4,400,566,19,8,25,2.91,29.96,0,170.16
Produs Sports 1099,Sports,promo,235.3,172.41,4.1,3.7,82,4359,219,93,25,4.22,29.73,1,245.18
Produs Toys 1100,Toys,normal,31.62,23.94,22.3,3.6,134,3236,88,46,1,3.14,41.19,0,39.98
Produs Electronics 1101,Electronics,normal,257.7,199.21,1.3,3.3,267,1270,53,35,94,4.18,23.7,0,249.57
Produs Health 1102,Health,promo,131.81,105.05,20.8,3.3,337,2222,28,9,8,1.14,36.88,0,163.35
Produs Beauty 1103,Beauty,holiday,75.27,43.96,18.3,3.7,83,4376,141,72,83,2.82,52.28,1,95.03
Produs Books 1104,Books,offseason,9.78,8.94,18.8,4.1,230,2220,82,38,45,3.42,25.72,0,11.99
Produs Electronics 1105,Electronics,offseason,342.22,318.25,22.5,3.1,295,38,1,0,6,3.19,27.93,0,416.87
Produs Sports 1106,Sports,holiday,98.93,90.12,24.8,3.7,2,1020,18,12,46,1.52,31.5,0,129.8
Produs Fashion 1107,Fashion,promo,42.24,23.34,8.2,3.6,135,100,4,2,12,4.49,49.27,0,45.47
Produs Home 1108,Home,normal,294.27,255.4,23.0,4.5,453,2942,35,22,22,1.34,33.17,1,367.96
Produs Home 1109,Home,holiday,226.16,166.62,15.1,4.4,120,170,2,0,39,1.81,37.45,0,256.41
Produs Electronics 1110,Electronics,offseason,111.51,75.28,5.9,3.5,97,1937,70,26,108,3.05,36.47,0,116.33
Produs Fashion 1111,Fashion,normal,166.62,91.14,11.5,3.6,117,4862,119,56,27,2.38,51.59,1,183.26
Produs Beauty 1112,Beauty,holiday,51.96,38.12,24.9,4.7,57,1857,71,26,39,4.01,44.9,1,71.3
Produs Home 1113,Home,normal,220.72,131.48,18.9,3.4,60,1524,62,35,7,5.04,51.69,0,267.32
Produs Books 1114,Books,holiday,25.01,21.71,13.1,3.5,22,4378,176,65,11,3.87,24.56,1,29.77
Produs Garden 1115,Garden,holiday,152.04,83.86,5.6,4.6,347,2125,50,23,12,2.81,47.93,1,156.3
Produs Beauty 1116,Beauty,holiday,86.85,33.34,4.4,4.5,519,471,16,6,47,3.0,63.3,1,94.34
Produs Books 1117,Books,normal,22.42,14.16,12.6,3.5,68,7572,222,89,19,2.95,44.79,1,25.76
Produs Garden 1118,Garden,holiday,143.71,82.77,7.2,4.0,54,2439,103,67,69,3.68,46.55,1,165.17
Produs Automotive 1119,Automotive,offseason,59.0,55.14,20.8,3.8,236,224,9,4,3,4.45,25.98,0,72.17
Produs Books 1120,Books,promo,15.9,10.82,9.2,4.7,96,4674,79,31,22,1.68,38.22,1,17.77
Produs Garden 1121,Garden,holiday,149.95,130.84,21.6,4.1,220,227,5,1,19,2.34,31.59,0,181.41
Produs Garden 1122,Garden,offseason,94.03,68.33,20.9,4.0,67,669,22,11,58,3.33,42.52,0,117.78
Produs Books 1123,Books,offseason,30.68,21.96,21.6,3.6,210,1935,47,30,5,2.72,43.89,0,37.04
Produs Home 1124,Home,holiday,271.34,177.46,9.1,4.6,276,849,13,5,38,1.54,40.55,1,303.52
Produs Toys 1125,Toys,holiday,18.39,8.6,0.2,4.3,54,2548,97,63,3,3.71,53.31,1,19.58
Produs Fashion 1126,Fashion,holiday,220.85,139.87,0.1,3.9,34,2506,98,36,4,3.83,36.73,1,234.39
Produs Health 1127,Health,offseason,67.1,40.46,17.9,4.8,175,6897,436,287,62,6.53,50.5,1,81.8
Produs Toys 1128,Toys,promo,91.39,77.33,21.1,4.8,377,848,32,10,9,3.28,33.24,1,111.75
Produs Fashion 1129,Fashion,promo,68.3,45.6,5.0,4.6,1,909,43,19,0,5.75,36.57,0,71.35
Produs Home 1130,Home,offseason,71.48,42.1,11.6,4.3,95,1828,55,26,61,3.64,47.94,0,78.22
Produs Books 1131,Books,holiday,52.5,44.17,15.7,3.5,297,7124,241,131,28,3.65,29.08,1,63.96
Produs Automotive 1132,Automotive,offseason,223.24,182.63,18.2,3.5,30,1447,57,27,2,4.68,33.08,0,257.05
Produs Sports 1133,Sports,promo,308.71,173.44,8.1,4.3,125,2385,137,89,124,5.24,48.37,1,329.11
Produs Garden 1134,Garden,normal,115.05,88.53,13.8,4.0,158,3030,119,63,89,4.4,33.67,1,141.14
Produs Home 1135,Home,holiday,150.0,103.29,16.1,3.9,37,4128,15,10,33,0.41,42.23,1,184.58
Produs Automotive 1136,Automotive,normal,62.5,54.36,20.6,4.3,31,478,8,2,11,2.26,30.94,0,74.92
Produs Health 1137,Health,offseason,111.1,80.51,17.7,4.1,453,7287,201,70,1,2.75,40.36,0,125.13
Produs Beauty 1138,Beauty,holiday,44.45,22.82,21.6,3.7,322,770,25,13,112,3.23,59.76,1,56.18
Produs Health 1139,Health,offseason,61.85,45.34,18.5,3.9,108,510,11,5,2,2.11,40.26,0,69.43
Produs Electronics 1140,Electronics,promo,82.13,54.5,5.9,3.8,127,3952,143,69,17,3.9,37.56,1,86.41
Produs Garden 1141,Garden,normal,16.46,13.16,14.4,4.1,132,1070,9,3,26,1.11,31.58,0,17.88
Produs Sports 1142,Sports,normal,223.71,151.56,0.1,3.5,35,2250,82,56,6,4.36,32.32,0,224.79
Produs Beauty 1143,Beauty,normal,30.44,20.97,17.2,3.8,94,2698,42,22,54,1.91,42.95,0,37.02
Produs Toys 1144,Toys,normal,31.51,21.27,3.0,3.9,192,2709,59,35,107,1.89,34.52,1,34.0
Produs Sports 1145,Sports,normal,108.98,81.61,9.5,4.0,29,2629,104,43,29,3.74,32.23,1,126.64
Produs Beauty 1146,Beauty,normal,21.04,14.54,14.0,3.5,382,4912,233,100,5,4.62,40.57,1,24.89
Produs Electronics 1147,Electronics,promo,283.69,279.46,24.2,3.8,10,3388,24,14,9,0.68,25.33,0,357.97
Produs Beauty 1148,Beauty,offseason,95.69,41.19,5.7,3.7,31,6839,260,134,19,3.74,59.41,1,100.48
Produs Electronics 1149,Electronics,holiday,382.73,305.42,19.5,5.0,399,1372,54,19,10,4.23,35.76,1,488.83
Produs Garden 1150,Garden,normal,94.94,53.03,2.1,3.4,79,348,17,8,116,4.4,45.32,0,96.09
Produs Beauty 1151,Beauty,normal,35.57,16.17,7.1,4.0,143,5964,245,122,98,4.27,57.76,1,38.63
Produs Home 1152,Home,normal,129.56,88.92,19.5,3.8,278,7286,295,187,5,4.5,44.75,1,163.38
Produs Electronics 1153,Electronics,normal,95.57,79.62,3.0,4.1,34,4100,123,57,10,2.75,19.19,0,99.46
Produs Fashion 1154,Fashion,offseason,56.69,34.18,13.6,3.1,166,1484,40,12,50,3.21,47.91,0,64.07
Produs Automotive 1155,Automotive,normal,73.43,63.86,11.3,4.0,39,207,8,5,17,5.17,22.85,0,79.1
Produs Home 1156,Home,promo,267.3,212.9,17.6,4.6,30,1896,72,31,22,3.8,34.37,0,327.88
Produs Electronics 1157,Electronics,promo,124.08,106.96,5.0,3.5,33,1287,11,7,23,0.82,18.11,0,131.09
Produs Toys 1158,Toys,offseason,107.72,85.81,14.6,3.1,180,1610,40,27,20,3.06,31.97,0,123.77
Produs Books 1159,Books,normal,62.04,37.79,1.3,3.4,19,726,13,7,35,2.33,39.88,0,58.62
Produs Fashion 1160,Fashion,holiday,130.21,89.29,16.7,3.9,28,737,17,5,35,2.24,42.88,0,147.93
Produs Automotive 1161,Automotive,offseason,211.8,162.82,12.3,4.0,93,1445,49,22,36,4.04,32.58,0,232.03
Produs Toys 1162,Toys,normal,26.7,20.28,23.8,3.4,42,4443,180,85,9,3.68,42.12,1,34.42
Produs Garden 1163,Garden,holiday,92.25,61.55,24.9,3.9,186,6049,188,88,177,3.59,49.89,1,129.96
Produs Automotive 1164,Automotive,normal,146.36,104.23,13.5,4.1,8,431,18,5,65,4.07,38.4,0,161.97
Produs Health 1165,Health,normal,46.8,27.6,18.8,3.4,324,3785,97,34,4,2.62,52.11,1,58.33
Produs Health 1166,Health,holiday,134.09,88.08,20.4,4.8,394,5614,15,5,56,0.3,47.71,1,175.94
Produs Books 1167,Books,promo,43.63,34.48,12.7,3.9,28,4176,135,43,25,3.59,31.01,1,51.09
Produs Beauty 1168,Beauty,promo,46.75,31.79,14.9,4.6,13,429,23,13,35,4.68,42.13,0,51.89
Produs Toys 1169,Toys,promo,66.31,39.71,14.5,5.0,97,2522,79,42,10,3.48,48.8,1,83.56
Produs Fashion 1170,Fashion,offseason,47.96,29.74,12.4,3.6,100,2803,98,51,10,3.14,45.68,0,52.73
Produs Automotive 1171,Automotive,offseason,61.6,51.55,22.1,4.7,49,2352,55,21,12,2.46,34.8,0,77.21
Produs Automotive 1172,Automotive,holiday,68.26,49.05,3.8,3.7,26,6773,332,131,39,4.76,30.88,1,77.24
Produs Electronics 1173,Electronics,promo,158.34,141.85,17.4,4.0,85,10501,395,142,175,3.93,26.0,1,196.81
Produs Fashion 1174,Fashion,offseason,34.08,15.39,2.2,5.0,17,5659,403,160,43,5.95,55.83,1,35.53
Produs Beauty 1175,Beauty,promo,85.28,51.6,5.3,3.8,62,9909,30,12,32,0.38,42.7,1,92.14
Produs Electronics 1176,Electronics,promo,187.84,145.46,18.8,3.6,143,1400,52,33,47,3.53,37.12,0,242.63
Produs Toys 1177,Toys,offseason,105.21,75.19,18.5,4.9,10,1813,27,14,34,1.4,41.75,0,125.1
Produs Health 1178,Health,normal,136.72,84.79,13.8,4.2,47,1819,83,51,73,3.85,46.54,0,149.29
Produs Toys 1179,Toys,holiday,76.73,48.42,13.5,4.1,554,1259,32,15,106,2.43,45.41,1,91.45
Produs Fashion 1180,Fashion,holiday,96.68,61.31,7.8,3.9,142,3203,99,32,46,2.89,41.53,1,108.74
Produs Toys 1181,Toys,normal,61.17,42.6,2.0,3.9,268,1929,64,39,9,3.01,31.76,0,64.23
Produs Beauty 1182,Beauty,normal,62.62,36.94,9.3,4.5,7,2254,97,40,5,4.09,46.5,0,68.2
Produs Beauty 1183,Beauty,normal,41.49,23.17,9.4,4.6,202,2034,30,14,2,1.53,49.41,0,44.25
Produs Electronics 1184,Electronics,holiday,186.09,137.29,12.3,3.4,4,1497,73,44,133,4.15,35.3,1,220.17
Produs Garden 1185,Garden,normal,75.29,61.98,19.6,4.0,72,350,18,10,16,5.03,33.82,0,92.26
Produs Books 1186,Books,holiday,21.49,20.47,17.4,3.9,31,480,11,7,64,2.71,21.34,0,25.77
Produs Automotive 1187,Automotive,holiday,117.17,86.76,15.3,3.8,29,3087,102,45,143,3.95,37.28,1,140.37
Produs Health 1188,Health,offseason,138.5,116.04,22.6,3.8,133,10040,332,165,32,3.34,35.15,1,182.8
Produs Garden 1189,Garden,holiday,96.87,51.64,0.3,4.2,772,1312,23,8,66,1.96,46.85,1,101.73
Produs Beauty 1190,Beauty,normal,29.71,19.56,18.4,4.3,84,2980,84,54,30,2.59,46.28,1,36.84
Produs Beauty 1191,Beauty,holiday,113.06,42.93,4.4,4.5,177,661,31,12,63,5.11,63.7,1,119.5
Produs Electronics 1192,Electronics,offseason,173.61,128.84,7.1,3.2,305,4669,155,55,8,4.0,31.06,1,184.5
Produs Home 1193,Home,offseason,222.27,152.12,20.4,4.5,222,3611,139,58,41,4.32,45.52,1,271.96
Produs Electronics 1194,Electronics,promo,402.18,315.08,9.5,4.1,96,3131,133,43,75,4.01,29.1,1,446.76
Produs Sports 1195,Sports,normal,102.57,60.7,4.9,2.8,578,982,66,41,12,6.65,43.72,0,106.28
Produs Sports 1196,Sports,holiday,22.61,15.32,21.6,4.2,108,3139,33,16,13,1.11,46.87,1,28.86
Produs Books 1197,Books,promo,24.56,21.74,16.8,3.8,8,1896,94,61,46,4.4,26.36,0,29.55
Produs Automotive 1198,Automotive,normal,27.74,21.98,18.9,4.2,41,2264,26,12,27,1.38,35.72,0,31.74
Produs Toys 1199,Toys,offseason,119.61,84.31,19.4,4.6,137,913,19,9,48,1.81,43.19,0,142.46
Produs Automotive 1200,Automotive,promo,78.52,72.26,20.3,4.9,116,8276,12,4,5,0.14,26.65,1,103.01
